pair_id,left_scene_id,right_scene_id,campaign_role,left_pool_index,right_pool_index,left_target_group,right_target_group,left_contaminant_group,right_contaminant_group,blend_whitened_mse,target_primary_diameter,target_image_distance,target_flux_g_relative,target_flux_r_relative,target_flux_z_relative,target_color_gr_magnitude,target_color_rz_magnitude,target_centroid_pixel,target_centroid_psf,embedding_distance,estimated_target_primary,global_rescaling_relative_residual,different_source_groups,same_fixed_target_position,exact_replay_pass,finite_pass,normalization_artifact_pass,clipping_artifact_pass,background_artifact_pass,global_rescaling_artifact_pass,construction_route,visual_audit_status,left_blend_sha256,right_blend_sha256,left_target_sha256,right_target_sha256
atlas_pair_0001,atlas_v0_search_11721,atlas_v0_search_14202,training,11721,14202,catsim_exact_position_036505,catsim_exact_position_039094,catsim_exact_position_041730,catsim_exact_position_065768,9.180403426844499e-05,13.36040830844393,0.8635570349341122,1.939446012489521,1.389511639592659,0.8156153259626672,2.672081661688786,0.9209480000357392,5.151216581001714e-08,1.2666926018856674e-08,0.237992723976559,9.697230062447604,0.45816278358697843,True,True,True,True,True,True,True,True,LARGE_POOL_NEAR_COLLISION_SEARCH,PENDING,ed4b7d3c886c889be06540dffa39a82d90ef01b2903cd58127e96d8edce1523e,7dd47b3046e55db72d022220010dd0f1f0a5369d691679f65322270aa569418a,754d992fb333bd1aaf928685f75adcf84869b2b249f53531422c3bb6ca360b84,2042ab16b8a55524a78f9f5c6de8fe6cf6a59b804fd6303363cde8f1231ed54f
atlas_pair_0002,atlas_v0_search_02446,atlas_v0_search_11721,training,2446,11721,catsim_exact_position_035113,catsim_exact_position_036505,catsim_exact_position_030715,catsim_exact_position_041730,0.00010167121042787846,11.821241824993498,1.1128078798659797,1.9497971741527433,1.5965925158533532,1.5785592068632213,2.3642483649986996,0.05293912186236893,4.593729800653685e-08,1.1296056886853325e-08,0.2546856403160362,9.748985870763716,0.4935273534492769,True,True,True,True,True,True,True,True,LARGE_POOL_NEAR_COLLISION_SEARCH,PENDING,138ab14313a0ed006b6b724ad14a625c63e174d57de9fceaad0c8c26f285fb9b,ed4b7d3c886c889be06540dffa39a82d90ef01b2903cd58127e96d8edce1523e,c8866e9080d21c400bb134c0a1f677d3c9a77645071908e0599352bbf720ce5f,754d992fb333bd1aaf928685f75adcf84869b2b249f53531422c3bb6ca360b84
atlas_pair_0003,atlas_v0_search_17633,atlas_v0_search_25227,training,17633,25227,catsim_exact_position_049199,catsim_exact_position_022570,catsim_exact_position_002225,catsim_exact_position_074508,9.849076446233488e-05,7.280216261236002,0.3509277479754424,0.052042369894655396,0.26499707616661017,1.3323282011156885,0.23290154339960378,1.4560432522472004,2.857459274377225e-08,7.026539199288259e-09,0.23034400207558767,6.661641005578442,0.45370444124525466,True,True,True,True,True,True,True,True,LARGE_POOL_NEAR_COLLISION_SEARCH,PENDING,b66d9a5df532ffbcf9b9691ff88073e66b8c4be225e694ad97bab61875a4117b,f862766b195bd8eeb44f060ab8342d433cae0f7f24efc27fec85cc36650d299a,09a135b6f018d9df622ed6391b1b2afdbfeef11a897d87e57d940b10c8de3f20,371a191cc667a39c579b460d723f87b9c4dd3e00159980b68029f290f2f7e182
atlas_pair_0004,atlas_v0_search_02107,atlas_v0_search_05732,training,2107,5732,catsim_exact_position_010025,catsim_exact_position_007084,catsim_exact_position_051519,catsim_exact_position_012238,0.0001821609071375603,10.226968502746209,0.6823594084234558,1.8075320131782064,1.0017368545674146,0.4450297829552405,2.045393700549242,0.703913752943371,3.4193377277302644e-08,8.408207527205568e-09,0.31800551030354135,9.037660065891032,0.211371514060804,True,True,True,True,True,True,True,True,LARGE_POOL_NEAR_COLLISION_SEARCH,PENDING,f12a1f87e47fb2ae0b93cf48d8a7a171297d84cf048e01db7b098c4cf44672aa,f45529cae7588251833ee7c59a83aead28d11f17f6c49b80da83a06b0f037845,6422a8aea07dffdba509302a65de347bdca859e06a3fa0f24ebf78e7a0863c71,36b3f8635ba78cab42d28133f9054658c37359063edf2f1ecfa3c561a5e17e19
atlas_pair_0005,atlas_v0_search_11721,atlas_v0_search_17633,training,11721,17633,catsim_exact_position_036505,catsim_exact_position_049199,catsim_exact_position_041730,catsim_exact_position_002225,0.0002074857022696533,14.319368212186045,0.9989995808171361,1.940473972218357,1.302491366662138,0.06557558905107731,2.863873642437209,1.6170069377409617,3.297261075061831e-08,8.10801903703729e-09,0.3484552157367474,9.702369861091785,0.630682829023144,True,True,True,True,True,True,True,True,LARGE_POOL_NEAR_COLLISION_SEARCH,PENDING,ed4b7d3c886c889be06540dffa39a82d90ef01b2903cd58127e96d8edce1523e,b66d9a5df532ffbcf9b9691ff88073e66b8c4be225e694ad97bab61875a4117b,754d992fb333bd1aaf928685f75adcf84869b2b249f53531422c3bb6ca360b84,09a135b6f018d9df622ed6391b1b2afdbfeef11a897d87e57d940b10c8de3f20
atlas_pair_0006,atlas_v0_search_05991,atlas_v0_search_06590,training,5991,6590,catsim_exact_position_007084,catsim_exact_position_008639,catsim_exact_position_006973,catsim_exact_position_032400,0.0002762238606817467,14.24625425975302,0.847083029250128,1.933019542976633,1.2390728802892668,0.6859994835510278,2.849250851950604,0.7964181705082118,2.0485225747345653e-08,5.037350593609587e-09,0.35345228857740796,9.665097714883165,0.3114056086504286,True,True,True,True,True,True,True,True,LARGE_POOL_NEAR_COLLISION_SEARCH,PENDING,d59ed85b005980b454bc829686bfed1255a2073bacd4c64f17381fc9fa86a057,d355a8181d5d3e7bc361c738d6e61f5ac8c9449f28975b0f0c4070950797472a,36b3f8635ba78cab42d28133f9054658c37359063edf2f1ecfa3c561a5e17e19,48111eff3670b5b887eb7e066317b1db95df9b0e6b9f0c685582be6eefe6c1a7
atlas_pair_0007,atlas_v0_search_07958,atlas_v0_search_18806,training,7958,18806,catsim_exact_position_052038,catsim_exact_position_018847,catsim_exact_position_011561,catsim_exact_position_014477,0.00019054663072776018,12.615241865883881,0.3416922083349942,1.6644369613764647,0.06678187798247939,0.24085544119908445,2.5230483731767763,0.19024631048708296,5.716807732746116e-08,1.4057723932982253e-08,0.3139344404997718,8.322184806882323,0.3353496574386888,True,True,True,True,True,True,True,True,LARGE_POOL_NEAR_COLLISION_SEARCH,PENDING,7b5b86b5b14c4d6b904896fa52a62775e9975add4ab1e95d1253f68a61304de9,2065099c5d5758140fe9c38159966cac0d6f4bfe51952271a89dcb0afe92c3c3,1853993bdc359fd86c7cefd9efbb02c09c032f1571cef71d67751dc622fe3843,80e2beebde25bb3b994a43c676c2d013c14dbb4631eede8c964947d40b1bf89c
atlas_pair_0008,atlas_v0_search_11721,atlas_v0_search_12592,training,11721,12592,catsim_exact_position_036505,catsim_exact_position_043669,catsim_exact_position_041730,catsim_exact_position_015036,0.0002686673341738707,14.917383272826154,0.9278769566547023,1.9588314006219045,1.4413734738218902,0.8637005812327403,2.983476654565231,0.9704385738290463,7.081093942219133e-08,1.74125260874241e-08,0.4006534525763337,9.794157003109522,0.7280491060988623,True,True,True,True,True,True,True,True,LARGE_POOL_NEAR_COLLISION_SEARCH,PENDING,ed4b7d3c886c889be06540dffa39a82d90ef01b2903cd58127e96d8edce1523e,56940878fa91114d8e0a389775697d7c88c8daef2a52268a2db067ccbbd3c929,754d992fb333bd1aaf928685f75adcf84869b2b249f53531422c3bb6ca360b84,ffcfbc9e9020cdb28bb441d28c13fc6a02b255ae16fbc6d00847bb9188207002
atlas_pair_0009,atlas_v0_search_01277,atlas_v0_search_04688,training,1277,4688,catsim_exact_position_073134,catsim_exact_position_074284,catsim_exact_position_020815,catsim_exact_position_033291,0.00039045083295596465,22.787052379856892,0.21393555929792513,1.910800614295287,0.4109714759413714,0.18916063994510876,4.557410475971379,0.2466566842306226,6.998767126201996e-08,1.7210083097218024e-08,0.41798678161934566,9.554003071476433,0.2351394374261518,True,True,True,True,True,True,True,True,LARGE_POOL_NEAR_COLLISION_SEARCH,PENDING,867980324cc428c39bdeda8b4dca1189457d2bb3334e6d36b0061ac1c26a9827,baffdfea72ceec202e23001240f7be3c8dcef0511d369a6dcd4229d0064dcd1c,f3bc1132b0f901f5c9cf97beeec9188a1f749cc0a614b22414b33cbc1cf72be8,795bee75c8f5b16d89b2fe6b7752ddd506736b81603bb198ec25ebbe94e91e40
atlas_pair_0010,atlas_v0_search_11721,atlas_v0_search_28024,training,11721,28024,catsim_exact_position_036505,catsim_exact_position_019208,catsim_exact_position_041730,catsim_exact_position_040593,0.00029141411392558846,12.577950664230334,1.1484490365762068,1.9637440925975371,1.660349842746929,1.5705915075646533,2.515590132846067,0.2815530929740935,7.326542451703819e-08,1.8016087995993e-08,0.4302840208255182,9.818720462987685,0.6051248702085869,True,True,True,True,True,True,True,True,LARGE_POOL_NEAR_COLLISION_SEARCH,PENDING,ed4b7d3c886c889be06540dffa39a82d90ef01b2903cd58127e96d8edce1523e,7443379d63d50548d9691b0bd2c6c4d01da4e3ca10589e35567cf2cd59a5e976,754d992fb333bd1aaf928685f75adcf84869b2b249f53531422c3bb6ca360b84,3079a33ec704b60a766f457af1e0648fab546c794836c9632d4e234f03d11abd
atlas_pair_0011,atlas_v0_search_12394,atlas_v0_search_18806,training,12394,18806,catsim_exact_position_050781,catsim_exact_position_018847,catsim_exact_position_029857,catsim_exact_position_014477,0.00022592820472065172,9.994407367694148,0.5039002846989057,1.6507121512229062,0.49523230301221904,0.30715955164826697,1.9988814735388298,0.2129498068366932,5.641930582097832e-08,1.387359979204385e-08,0.3620373504483292,8.25356075611453,0.24129762306220667,True,True,True,True,True,True,True,True,LARGE_POOL_NEAR_COLLISION_SEARCH,PENDING,3ed51cb3b8f5b005ea0069a59e25228a59752b0e71925e201c180089fc21c03f,2065099c5d5758140fe9c38159966cac0d6f4bfe51952271a89dcb0afe92c3c3,3292759fe73796437162158f81591f2d401a48770c184bb12701a4ddd3876704,80e2beebde25bb3b994a43c676c2d013c14dbb4631eede8c964947d40b1bf89c
atlas_pair_0012,atlas_v0_search_12592,atlas_v0_search_28024,training,12592,28024,catsim_exact_position_043669,catsim_exact_position_019208,catsim_exact_position_015036,catsim_exact_position_040593,8.817380141752944e-05,5.34818602534982,0.698382856354241,0.12813789836071648,0.545118791419326,1.069637205069964,0.4678865217191639,0.6888854808549528,1.607901509317938e-08,3.953856170453946e-09,0.23624100565851566,5.34818602534982,0.3667053881599855,True,True,True,True,True,True,True,True,LARGE_POOL_NEAR_COLLISION_SEARCH,PENDING,56940878fa91114d8e0a389775697d7c88c8daef2a52268a2db067ccbbd3c929,7443379d63d50548d9691b0bd2c6c4d01da4e3ca10589e35567cf2cd59a5e976,ffcfbc9e9020cdb28bb441d28c13fc6a02b255ae16fbc6d00847bb9188207002,3079a33ec704b60a766f457af1e0648fab546c794836c9632d4e234f03d11abd
atlas_pair_0013,atlas_v0_search_11721,atlas_v0_search_25227,training,11721,25227,catsim_exact_position_036505,catsim_exact_position_022570,catsim_exact_position_041730,catsim_exact_position_074508,0.0003339535471426368,15.483875929184062,1.0869519606640514,1.9373431548619633,1.1354732570246964,1.2950389190218448,3.0967751858368127,3.073050189988162,6.153902701974144e-08,1.513254762780527e-08,0.4313936977602978,9.686715774309816,0.8009191060180706,True,True,True,True,True,True,True,True,LARGE_POOL_NEAR_COLLISION_SEARCH,PENDING,ed4b7d3c886c889be06540dffa39a82d90ef01b2903cd58127e96d8edce1523e,f862766b195bd8eeb44f060ab8342d433cae0f7f24efc27fec85cc36650d299a,754d992fb333bd1aaf928685f75adcf84869b2b249f53531422c3bb6ca360b84,371a191cc667a39c579b460d723f87b9c4dd3e00159980b68029f290f2f7e182
atlas_pair_0014,atlas_v0_search_18806,atlas_v0_search_28226,training,18806,28226,catsim_exact_position_018847,catsim_exact_position_008434,catsim_exact_position_014477,catsim_exact_position_026214,0.00022866216114821475,9.631573289483736,0.5391250616569941,1.6219200330269274,0.4761382654239498,0.5997199043878945,1.9263146578967474,0.14470578951675392,3.302375889061558e-08,8.120596448512028e-09,0.36197646914619797,8.109600165134637,0.3301181605563113,True,True,True,True,True,True,True,True,LARGE_POOL_NEAR_COLLISION_SEARCH,PENDING,2065099c5d5758140fe9c38159966cac0d6f4bfe51952271a89dcb0afe92c3c3,5ddcb40eec84336291c3a41d9941cb0e628e27d0510518a1da616c970d8f78bf,80e2beebde25bb3b994a43c676c2d013c14dbb4631eede8c964947d40b1bf89c,a479b2441ae1601b31d1d939ec35a1b064f05d5ba13b2997989b0c54e7f37d4a
atlas_pair_0015,atlas_v0_search_03014,atlas_v0_search_05732,training,3014,5732,catsim_exact_position_047369,catsim_exact_position_007084,catsim_exact_position_027886,catsim_exact_position_012238,0.0003466122988246655,14.474405766395392,0.9618825562136898,1.956124974970826,1.4496107656788926,1.0362914963837202,2.8948811532790786,0.7467559798922767,3.658182713101213e-08,8.995531261724294e-09,0.4426532478863947,9.78062487485413,0.4763720227950489,True,True,True,True,True,True,True,True,LARGE_POOL_NEAR_COLLISION_SEARCH,PENDING,fc369d1499a12ebb3fa31e7c5c334585c29882a18239d7b7d8b01ef2490a3f24,f45529cae7588251833ee7c59a83aead28d11f17f6c49b80da83a06b0f037845,d7a50cfe6985bb525fc866b44eddbd0695d318dbc5652bf9998624e706326379,36b3f8635ba78cab42d28133f9054658c37359063edf2f1ecfa3c561a5e17e19
atlas_pair_0016,atlas_v0_search_05732,atlas_v0_search_28090,training,5732,28090,catsim_exact_position_007084,catsim_exact_position_006197,catsim_exact_position_012238,catsim_exact_position_008686,0.00037080097738186263,16.17466835385557,0.8033860250533931,1.9350858016870232,1.019761759176492,0.0966583731529701,3.234933670771114,1.1165752826929034,5.0508027520291804e-08,1.2420006767284871e-08,0.439192775479694,9.675429008435115,0.277399264626384,True,True,True,True,True,True,True,True,LARGE_POOL_NEAR_COLLISION_SEARCH,PENDING,f45529cae7588251833ee7c59a83aead28d11f17f6c49b80da83a06b0f037845,7151538b5822cc28507ec6351afa913685056a6213e117da8f390006ffed6243,36b3f8635ba78cab42d28133f9054658c37359063edf2f1ecfa3c561a5e17e19,fa058b139f05e9f11a2f975ef4becb8b35f9dd47e64b3f394e0c7d9b7787e3ee
atlas_pair_0017,atlas_v0_search_21376,atlas_v0_search_21618,training,21376,21618,catsim_exact_position_063367,catsim_exact_position_022026,catsim_exact_position_012886,catsim_exact_position_042236,0.00019319750386734638,8.798241611903972,0.20026780498470526,1.3906150801625552,0.09554771421360106,0.04132236724069513,1.7596483223807944,0.0589470680293319,2.7700642651320998e-08,6.8116334388494265e-09,0.31677848758992994,6.953075400812776,0.16861230542657454,True,True,True,True,True,True,True,True,LARGE_POOL_NEAR_COLLISION_SEARCH,PENDING,5a0db31d09a90563f31fe7b384a611d53739516ab5ab043ecc03755b1086799f,b802f3dab18ccccdaf4a60b03a34f1fe6493fe7d661ed3365868553c794a56d8,7f7988e3e4273f5b2f0404ff036f03fc931bfbefd156f2d37c5811bc36a86983,625d7a9adfc736a5222685c07b278c1a678802ed80825e7abf25c6de261fdab1
atlas_pair_0018,atlas_v0_search_05732,atlas_v0_search_26605,training,5732,26605,catsim_exact_position_007084,catsim_exact_position_072138,catsim_exact_position_012238,catsim_exact_position_077648,0.0003880585389522014,12.407027821742453,0.762212810984047,1.8863554593149723,1.106907237235578,0.8964633282802829,2.4814055643484907,0.30587613045093076,6.3534337788886245e-09,1.5623197816939241e-09,0.4326669870351915,9.431777296574861,0.5148048497959642,True,True,True,True,True,True,True,True,LARGE_POOL_NEAR_COLLISION_SEARCH,PENDING,f45529cae7588251833ee7c59a83aead28d11f17f6c49b80da83a06b0f037845,1e3f174b4714839fe5b078f5d8328090cd9a79675b63eb86106182e9fab922c6,36b3f8635ba78cab42d28133f9054658c37359063edf2f1ecfa3c561a5e17e19,131b57180498e3e24408dd871d455bccd213320d9711353308672d39ffad139f
atlas_pair_0019,atlas_v0_search_10130,atlas_v0_search_17519,training,10130,17519,catsim_exact_position_051494,catsim_exact_position_019959,catsim_exact_position_035314,catsim_exact_position_067920,0.00036628849795864745,17.374843115927725,0.252671537736203,1.860318513082845,0.11843711941923445,0.12945670119479855,3.474968623185545,0.012010518656910718,2.5726626244652797e-08,6.326219568357246e-09,0.4290426375026046,9.301592565414225,0.24638115376563371,True,True,True,True,True,True,True,True,LARGE_POOL_NEAR_COLLISION_SEARCH,PENDING,8ab781b285da64e077dfd6154e4ac6ad54f1546becb5c07da9c65e5fb672b6d7,ea6b2705539cff140ae6a0f4de46ecce04d39739615552029096f4d02e615d83,5faf3b483af43596166c3cfc933dc613d9a4b9d1d3e33ac4e5e4420b6ded8aac,7efa9b57478d5ecfd869a6978c99d88f2fca469768d14c07c31eeefe8a05fad6
atlas_pair_0020,atlas_v0_search_06409,atlas_v0_search_18806,training,6409,18806,catsim_exact_position_010697,catsim_exact_position_018847,catsim_exact_position_004262,catsim_exact_position_014477,0.0002734536240188297,12.169172705071563,0.6732954076235987,1.725016149050496,0.36048790332039915,0.9221830120216659,2.433834541014313,0.6871880835348241,3.054265025949239e-08,7.510487768727639e-09,0.4107761425091093,8.625080745252479,0.3726204688580873,True,True,True,True,True,True,True,True,LARGE_POOL_NEAR_COLLISION_SEARCH,PENDING,b78f68571d764e30de17e8742f725e5b7ff261686e8936e5b0767d0eb83bc392,2065099c5d5758140fe9c38159966cac0d6f4bfe51952271a89dcb0afe92c3c3,01dee46003ac424c3bcf459d027b268f998955df3e18a661eafea890a626625a,80e2beebde25bb3b994a43c676c2d013c14dbb4631eede8c964947d40b1bf89c
atlas_pair_0021,atlas_v0_search_05751,atlas_v0_search_18806,training,5751,18806,catsim_exact_position_071137,catsim_exact_position_018847,catsim_exact_position_034166,catsim_exact_position_014477,0.00032386068561027746,14.676949209743166,0.41791163281185906,1.778943645419668,0.13498265248921132,0.4103428767452249,2.9353898419486333,0.5987171017331554,9.559607995680684e-08,2.3507232776263978e-08,0.4283953562102629,8.89471822709834,0.37667112422057836,True,True,True,True,True,True,True,True,LARGE_POOL_NEAR_COLLISION_SEARCH,PENDING,4ba9f609f3848b52d768a1f97eb83b0abe62eda0ae7c6afd636099cef69d0ad1,2065099c5d5758140fe9c38159966cac0d6f4bfe51952271a89dcb0afe92c3c3,af7c9558989b2cd0b39575f2e42db899a8ec3b4c50defc037c9e9123eb105e69,80e2beebde25bb3b994a43c676c2d013c14dbb4631eede8c964947d40b1bf89c
atlas_pair_0022,atlas_v0_search_18806,atlas_v0_search_21567,training,18806,21567,catsim_exact_position_018847,catsim_exact_position_068870,catsim_exact_position_014477,catsim_exact_position_018846,0.0002321618832584783,10.855242421259357,0.27997915043967175,1.5423277897774266,0.04676805042889184,0.2887699205990865,2.1710484842518714,0.36652135331461627,8.350949020249493e-08,2.0535120541597115e-08,0.37483935375100763,7.711638948887132,0.34492158560498154,True,True,True,True,True,True,True,True,LARGE_POOL_NEAR_COLLISION_SEARCH,PENDING,2065099c5d5758140fe9c38159966cac0d6f4bfe51952271a89dcb0afe92c3c3,74af40219a466f62239d9a6ffb68fdd59fd6fadb35eadaef7ef2182754a74f69,80e2beebde25bb3b994a43c676c2d013c14dbb4631eede8c964947d40b1bf89c,a9b4f8b6c9d95e148aae4ab05843dee272a358da7506dfae19cc96592ea10b61
atlas_pair_0023,atlas_v0_search_12893,atlas_v0_search_18806,training,12893,18806,catsim_exact_position_053756,catsim_exact_position_018847,catsim_exact_position_062036,catsim_exact_position_014477,0.0002817444708107332,11.81128443877193,0.632172692069159,1.6810581052778895,0.26859510087027455,0.12476532297120486,2.362256887754386,0.42903423068705965,4.4130783756749817e-08,1.0851832071331923e-08,0.4100186433382653,8.405290526389447,0.4589867829899701,True,True,True,True,True,True,True,True,LARGE_POOL_NEAR_COLLISION_SEARCH,PENDING,b2784af82a6871f180b5edbc8c3ebce0b556c82121be8e8fd2123adb1c7ca250,2065099c5d5758140fe9c38159966cac0d6f4bfe51952271a89dcb0afe92c3c3,e3e6e277c71afdce0ad20786270d2429a295a134dee75547d023fac9cb49676a,80e2beebde25bb3b994a43c676c2d013c14dbb4631eede8c964947d40b1bf89c
atlas_pair_0024,atlas_v0_search_11839,atlas_v0_search_18806,training,11839,18806,catsim_exact_position_044629,catsim_exact_position_018847,catsim_exact_position_065868,catsim_exact_position_014477,0.00029869302655895035,10.869552649097734,0.5521658851970649,1.642156357248097,0.3153367609694318,0.4889943160435726,2.173910529819547,0.8871471868819101,7.39271092798468e-08,1.8178797363896758e-08,0.4076123244210328,8.210781786240485,0.3465850778338612,True,True,True,True,True,True,True,True,LARGE_POOL_NEAR_COLLISION_SEARCH,PENDING,654ec9dd3f54c04bdff575206c78b40f9862afc1d3f08f9096a7401e7293618a,2065099c5d5758140fe9c38159966cac0d6f4bfe51952271a89dcb0afe92c3c3,82f8f5d7bc510d1397a49b8438bf340fad906ec72ebeba6138245ed233a8984f,80e2beebde25bb3b994a43c676c2d013c14dbb4631eede8c964947d40b1bf89c
atlas_pair_0025,atlas_v0_search_11721,atlas_v0_search_21567,training,11721,21567,catsim_exact_position_036505,catsim_exact_position_068870,catsim_exact_position_041730,catsim_exact_position_018846,0.00037993339311632654,12.249057362417659,1.0452651691754495,1.9329710466420926,1.4401810703444133,0.9527531802413465,2.449811472483532,0.8458890662395611,7.459763550543385e-08,1.8343680861991932e-08,0.48090545429051784,9.664855233210462,0.4895859732628574,True,True,True,True,True,True,True,True,LARGE_POOL_NEAR_COLLISION_SEARCH,PENDING,ed4b7d3c886c889be06540dffa39a82d90ef01b2903cd58127e96d8edce1523e,74af40219a466f62239d9a6ffb68fdd59fd6fadb35eadaef7ef2182754a74f69,754d992fb333bd1aaf928685f75adcf84869b2b249f53531422c3bb6ca360b84,a9b4f8b6c9d95e148aae4ab05843dee272a358da7506dfae19cc96592ea10b61
atlas_pair_0026,atlas_v0_search_17642,atlas_v0_search_18806,training,17642,18806,catsim_exact_position_019549,catsim_exact_position_018847,catsim_exact_position_034994,catsim_exact_position_014477,0.0002631743187723838,12.960095785210433,0.39232892282126713,1.5865222007307687,0.22603362239156924,0.30456319287016465,2.5920191570420865,0.5797333736802417,8.247758026688693e-08,2.0281372196775476e-08,0.39830640264031225,7.932611003653843,0.3724425917143284,True,True,True,True,True,True,True,True,LARGE_POOL_NEAR_COLLISION_SEARCH,PENDING,ab2e4305f03454ac7adcacf07a20e02639011d061cd1782142491e1748ca6497,2065099c5d5758140fe9c38159966cac0d6f4bfe51952271a89dcb0afe92c3c3,fa299a10c288e14a81b117ebed61a5cd82bf573b8345e0d6e6efd5ba6c390b17,80e2beebde25bb3b994a43c676c2d013c14dbb4631eede8c964947d40b1bf89c
atlas_pair_0027,atlas_v0_search_05695,atlas_v0_search_18806,training,5695,18806,catsim_exact_position_032512,catsim_exact_position_018847,catsim_exact_position_011230,catsim_exact_position_014477,0.0003170854606967835,11.991644525316797,0.3914751216215316,1.7344836876043597,0.4280256103161051,0.016042112181899548,2.3983289050633596,0.4894373679451903,4.4062763104662034e-08,1.083510568147427e-08,0.4387769937017409,8.672418438021797,0.2769944995446217,True,True,True,True,True,True,True,True,LARGE_POOL_NEAR_COLLISION_SEARCH,PENDING,1e4dd16eb0b58a6e472859cb6aff5d6041896e370fae7c7321a4a3585d1245d6,2065099c5d5758140fe9c38159966cac0d6f4bfe51952271a89dcb0afe92c3c3,cd2a536c3df099a8ee346f079ffd1aec46bf8d87f2bd69e05d627028f6b1e3b4,80e2beebde25bb3b994a43c676c2d013c14dbb4631eede8c964947d40b1bf89c
atlas_pair_0028,atlas_v0_search_01143,atlas_v0_search_05732,training,1143,5732,catsim_exact_position_019895,catsim_exact_position_007084,catsim_exact_position_005370,catsim_exact_position_012238,0.0006087968304364741,11.079567847544837,0.8010827883755446,1.8798906189528486,1.2302366711645354,0.9714086540115899,2.2159135695089676,0.40539401920928075,2.514611862195349e-08,6.183471792283645e-09,0.4773314268913175,9.399453094764242,0.45588892027201844,True,True,True,True,True,True,True,True,LARGE_POOL_NEAR_COLLISION_SEARCH,PENDING,517df4597d2b0eb3f71695073990b2f0596349f6e483e017e9ca062d99f0b926,f45529cae7588251833ee7c59a83aead28d11f17f6c49b80da83a06b0f037845,f6e8acab0a674f03f7d65f21462c1b7fcfd914fe32b4830e994d263d0680c627,36b3f8635ba78cab42d28133f9054658c37359063edf2f1ecfa3c561a5e17e19
atlas_pair_0029,atlas_v0_search_11721,atlas_v0_search_16297,training,11721,16297,catsim_exact_position_036505,catsim_exact_position_070084,catsim_exact_position_041730,catsim_exact_position_004619,0.00039493316953784116,11.418200770229216,0.9748293867320633,1.9108838315177954,1.3706999744802362,1.1151183925028325,2.2836401540458433,0.45568239912924297,6.300350858502817e-08,1.5492666045498733e-08,0.48555316615424715,9.554419157588976,0.8142704041688122,True,True,True,True,True,True,True,True,LARGE_POOL_NEAR_COLLISION_SEARCH,PENDING,ed4b7d3c886c889be06540dffa39a82d90ef01b2903cd58127e96d8edce1523e,9aa4abc40321235fb4b2ed7a97779d07195a2dbe403617099ad5298eb613cc84,754d992fb333bd1aaf928685f75adcf84869b2b249f53531422c3bb6ca360b84,a5b7bcd62af2ad662d834ec3f602b7fa921f1da6c4a18f9897050b45f9040a37
atlas_pair_0030,atlas_v0_search_12592,atlas_v0_search_25227,training,12592,25227,catsim_exact_position_043669,catsim_exact_position_022570,catsim_exact_position_015036,catsim_exact_position_074508,0.00032917818703086265,10.513058080795577,0.9883510128857578,0.41913687308359393,0.5177380517421591,1.6870009501285264,0.11329853127158152,2.1026116161591157,4.9353228857405433e-08,1.213603988296855e-08,0.4295410545933669,8.435004750642632,0.7520503227615204,True,True,True,True,True,True,True,True,LARGE_POOL_NEAR_COLLISION_SEARCH,PENDING,56940878fa91114d8e0a389775697d7c88c8daef2a52268a2db067ccbbd3c929,f862766b195bd8eeb44f060ab8342d433cae0f7f24efc27fec85cc36650d299a,ffcfbc9e9020cdb28bb441d28c13fc6a02b255ae16fbc6d00847bb9188207002,371a191cc667a39c579b460d723f87b9c4dd3e00159980b68029f290f2f7e182
atlas_pair_0031,atlas_v0_search_21567,atlas_v0_search_25227,training,21567,25227,catsim_exact_position_068870,catsim_exact_position_022570,catsim_exact_position_018846,catsim_exact_position_074508,0.00031013580673595897,11.135805618743003,0.7050100260914989,0.06853592224869752,0.5154246202400632,1.7178872513684922,0.6469637133532808,2.227161123748601,1.9528912687801388e-08,4.8021916445413256e-09,0.43780891193854304,8.589436256842461,0.5843463064294231,True,True,True,True,True,True,True,True,LARGE_POOL_NEAR_COLLISION_SEARCH,PENDING,74af40219a466f62239d9a6ffb68fdd59fd6fadb35eadaef7ef2182754a74f69,f862766b195bd8eeb44f060ab8342d433cae0f7f24efc27fec85cc36650d299a,a9b4f8b6c9d95e148aae4ab05843dee272a358da7506dfae19cc96592ea10b61,371a191cc667a39c579b460d723f87b9c4dd3e00159980b68029f290f2f7e182
atlas_pair_0032,atlas_v0_search_14202,atlas_v0_search_25227,training,14202,25227,catsim_exact_position_039094,catsim_exact_position_022570,catsim_exact_position_065768,catsim_exact_position_074508,0.0003110274809368663,10.760510949762114,0.7120261646746459,0.03466807762060906,0.4195086872211701,1.6697376485456805,0.4246935241480265,2.152102189952423,1.103598126031228e-08,2.7137658836833477e-09,0.42609558779556606,8.348688242728402,0.7622871237574937,True,True,True,True,True,True,True,True,LARGE_POOL_NEAR_COLLISION_SEARCH,PENDING,7dd47b3046e55db72d022220010dd0f1f0a5369d691679f65322270aa569418a,f862766b195bd8eeb44f060ab8342d433cae0f7f24efc27fec85cc36650d299a,2042ab16b8a55524a78f9f5c6de8fe6cf6a59b804fd6303363cde8f1231ed54f,371a191cc667a39c579b460d723f87b9c4dd3e00159980b68029f290f2f7e182
atlas_pair_0033,atlas_v0_search_11721,atlas_v0_search_19902,training,11721,19902,catsim_exact_position_036505,catsim_exact_position_046494,catsim_exact_position_041730,catsim_exact_position_074071,0.00042442914341183193,14.760716830955642,0.9864191329771772,1.9460319350636814,1.312871204056267,0.3639628878127819,2.9521433661911285,1.3082972490800997,1.9036047947543433e-08,4.68099539693691e-09,0.4977746955302341,9.730159675318406,0.6413977294766239,True,True,True,True,True,True,True,True,LARGE_POOL_NEAR_COLLISION_SEARCH,PENDING,ed4b7d3c886c889be06540dffa39a82d90ef01b2903cd58127e96d8edce1523e,ad5b73c1c9e817439204f6204439477e2a67b029c69881cfc016fcd0a685ac00,754d992fb333bd1aaf928685f75adcf84869b2b249f53531422c3bb6ca360b84,f1c81e27c86a29b263bb51d8c83453f0cbf14e94b81f89602d556aa087da8fc2
atlas_pair_0034,atlas_v0_search_16106,atlas_v0_search_18806,training,16106,18806,catsim_exact_position_018287,catsim_exact_position_018847,catsim_exact_position_054791,catsim_exact_position_014477,0.0003240666050355081,12.51265917335726,0.4506140296137821,1.6471563366419546,0.030758553978713837,0.3963244293230103,2.5025318346714522,0.4694710631916742,5.632101343140327e-08,1.384942953231228e-08,0.4216011147187947,8.235781683209773,0.41352460322839396,True,True,True,True,True,True,True,True,LARGE_POOL_NEAR_COLLISION_SEARCH,PENDING,d6355bd9227c1ab3bc7d58fd54f360592908af2f2edaa83bb34d6b49ab082113,2065099c5d5758140fe9c38159966cac0d6f4bfe51952271a89dcb0afe92c3c3,ed238f97e17860c640ac21f30620a219dc32b857dd32e98e633674b0fdbbd9ca,80e2beebde25bb3b994a43c676c2d013c14dbb4631eede8c964947d40b1bf89c
atlas_pair_0035,atlas_v0_search_25227,atlas_v0_search_25411,training,25227,25411,catsim_exact_position_022570,catsim_exact_position_004330,catsim_exact_position_074508,catsim_exact_position_045753,0.0003662089351848083,14.259979662083612,0.9971374464870046,0.4398884072025614,0.38667552755009293,1.8135921433414313,0.06035660303264234,2.8519959324167226,6.606260798298515e-08,1.62449036023734e-08,0.4645742738241646,9.067960716707155,0.7088350160911427,True,True,True,True,True,True,True,True,LARGE_POOL_NEAR_COLLISION_SEARCH,PENDING,f862766b195bd8eeb44f060ab8342d433cae0f7f24efc27fec85cc36650d299a,011d70a67045fb6b47856438f8b3f6feb51de5c7b82113f36343c78d951a3f93,371a191cc667a39c579b460d723f87b9c4dd3e00159980b68029f290f2f7e182,55fa321ccfca8ab78ba5d469e949e5546f6a3a3360150c1059f160a4e922451c
atlas_pair_0036,atlas_v0_search_18806,atlas_v0_search_25411,training,18806,25411,catsim_exact_position_018847,catsim_exact_position_004330,catsim_exact_position_014477,catsim_exact_position_045753,0.00031981994342614487,14.391844003188972,0.31631052373565927,1.7135404997336643,0.08887322357126137,0.148708733310606,2.8783688006377943,0.25831345535350536,3.8911886859587605e-08,9.568496768751052e-09,0.4396539269210232,8.567702498668321,0.3876346299022097,True,True,True,True,True,True,True,True,LARGE_POOL_NEAR_COLLISION_SEARCH,PENDING,2065099c5d5758140fe9c38159966cac0d6f4bfe51952271a89dcb0afe92c3c3,011d70a67045fb6b47856438f8b3f6feb51de5c7b82113f36343c78d951a3f93,80e2beebde25bb3b994a43c676c2d013c14dbb4631eede8c964947d40b1bf89c,55fa321ccfca8ab78ba5d469e949e5546f6a3a3360150c1059f160a4e922451c
atlas_pair_0037,atlas_v0_search_11721,atlas_v0_search_25411,training,11721,25411,catsim_exact_position_036505,catsim_exact_position_004330,catsim_exact_position_041730,catsim_exact_position_045753,0.00043555470990127817,15.785658944347274,1.1788740017150652,1.9597084322908327,1.371595680485186,1.2560880762887567,3.157131788869455,0.22105425757143943,4.5286760448496154e-08,1.1136088634876103e-08,0.5053192952003641,9.798542161454163,0.4909867103774547,True,True,True,True,True,True,True,True,LARGE_POOL_NEAR_COLLISION_SEARCH,PENDING,ed4b7d3c886c889be06540dffa39a82d90ef01b2903cd58127e96d8edce1523e,011d70a67045fb6b47856438f8b3f6feb51de5c7b82113f36343c78d951a3f93,754d992fb333bd1aaf928685f75adcf84869b2b249f53531422c3bb6ca360b84,55fa321ccfca8ab78ba5d469e949e5546f6a3a3360150c1059f160a4e922451c
atlas_pair_0038,atlas_v0_search_01609,atlas_v0_search_06919,training,1609,6919,catsim_exact_position_018847,catsim_exact_position_079930,catsim_exact_position_020827,catsim_exact_position_023061,0.00043651870918071366,14.391877179440346,0.8603524528492227,1.730201925119504,0.024536678949600706,0.7972920133973133,2.8783754358880693,0.889802328766927,5.91156559062771e-08,1.4536636698264863e-08,0.4501695348249568,8.651009625597519,0.45072058061454245,True,True,True,True,True,True,True,True,LARGE_POOL_NEAR_COLLISION_SEARCH,PENDING,0b0f93d9a9fba396e01ecfc73181ad21fd5b95b1652fba87aaab97952552ed18,a2fd13d62dbe4b97ec812c884bb748874d88636e9ba9d2cc94b984549872582e,80e2beebde25bb3b994a43c676c2d013c14dbb4631eede8c964947d40b1bf89c,f68a036b125c4499f897292156acddf78c81b515a66f4cf4a51f9d303d332875
atlas_pair_0039,atlas_v0_search_18432,atlas_v0_search_18806,training,18432,18806,catsim_exact_position_048042,catsim_exact_position_018847,catsim_exact_position_018805,catsim_exact_position_014477,0.0004006874551100248,14.275672184265717,0.4460093545931414,1.7892507596280227,0.2581307983050401,0.47487908590549555,2.8551344368531435,0.24379038834615718,6.461925945446635e-08,1.5889981833065496e-08,0.4680373378900789,8.946253798140113,0.40763256598515935,True,True,True,True,True,True,True,True,LARGE_POOL_NEAR_COLLISION_SEARCH,PENDING,e204cdc18de3e660a5d76f040d3be7ac752a8a7e036e62171e474ada707d2914,2065099c5d5758140fe9c38159966cac0d6f4bfe51952271a89dcb0afe92c3c3,e2c8454ef8301e3a7152718e3355734f3ba63f033a0592f4f7c417a86aa86ec1,80e2beebde25bb3b994a43c676c2d013c14dbb4631eede8c964947d40b1bf89c
atlas_pair_0040,atlas_v0_search_06477,atlas_v0_search_19285,training,6477,19285,catsim_exact_position_019813,catsim_exact_position_078699,catsim_exact_position_076817,catsim_exact_position_042921,0.00024263355762907884,7.498909899452118,0.4375930668420677,0.03976258803817941,0.24318612387383004,1.3423439862833004,0.30852626275138917,1.4997819798904237,4.460100086364317e-08,1.0967459228764713e-08,0.35157708127369897,6.711719931416502,0.3334471114570184,True,True,True,True,True,True,True,True,LARGE_POOL_NEAR_COLLISION_SEARCH,PENDING,4101777c01cc5aabae7797f946b9658ddab3f5ed01c64feb5870a77ab62d9042,136f4b1f2967b4d8e1bd6d12ea9b8e0ba5e354c2f8350ad8e336984c408b1dcb,d807fd6c1887e24109fc3ccb71deb87480af731510bf3dfddfbab4a46fdf1bd8,0a5b71423aeab9776cc1845a435dc4ed85b7dd8cbb8413fb4856d04c848d1e2c
atlas_pair_0041,atlas_v0_search_02446,atlas_v0_search_14202,training,2446,14202,catsim_exact_position_035113,catsim_exact_position_039094,catsim_exact_position_030715,catsim_exact_position_065768,0.00013840118173723344,5.625386618784969,0.6712386559117342,0.18951780921735806,0.46495425880215246,1.1250773237569938,0.3078332966900863,0.8680088781733702,3.4898231287223145e-08,8.581532283743396e-09,0.2949675040172296,5.625386618784969,0.5456173279140573,True,True,True,True,True,True,True,True,LARGE_POOL_NEAR_COLLISION_SEARCH,PENDING,138ab14313a0ed006b6b724ad14a625c63e174d57de9fceaad0c8c26f285fb9b,7dd47b3046e55db72d022220010dd0f1f0a5369d691679f65322270aa569418a,c8866e9080d21c400bb134c0a1f677d3c9a77645071908e0599352bbf720ce5f,2042ab16b8a55524a78f9f5c6de8fe6cf6a59b804fd6303363cde8f1231ed54f
atlas_pair_0042,atlas_v0_search_10185,atlas_v0_search_18806,training,10185,18806,catsim_exact_position_055357,catsim_exact_position_018847,catsim_exact_position_040423,catsim_exact_position_014477,0.0004676381586144674,15.149770841798672,0.29943862175365216,1.7619337138932352,0.030549302158894478,0.01288698353247945,3.0299541683597346,0.04716312155000239,4.269154419939438e-08,1.049792070476911e-08,0.4629597294841875,8.809668569466176,0.4311653898323107,True,True,True,True,True,True,True,True,LARGE_POOL_NEAR_COLLISION_SEARCH,PENDING,d7598f4f7575e3e8e52b3f0b377b0ad48e5309f09c0064c1eb17e57ccc78dc77,2065099c5d5758140fe9c38159966cac0d6f4bfe51952271a89dcb0afe92c3c3,b520fba5794d9e9e45e0d205e8912b1c6dab92b6a9a4055b4e95edcc3f4bfc50,80e2beebde25bb3b994a43c676c2d013c14dbb4631eede8c964947d40b1bf89c
atlas_pair_0043,atlas_v0_search_04647,atlas_v0_search_28875,training,4647,28875,catsim_exact_position_000381,catsim_exact_position_045291,catsim_exact_position_004219,catsim_exact_position_055567,0.00046355739999693387,10.847147566915444,0.5438643340051198,1.6821729961719774,0.4441094114409867,0.05625392108020072,2.169429513383089,0.42926094094979445,1.2350945533907995e-07,3.037117754239671e-08,0.4423123398629421,8.410864980859886,0.4523725096083568,True,True,True,True,True,True,True,True,LARGE_POOL_NEAR_COLLISION_SEARCH,PENDING,ecd66d43806220cb6f0ef05dd91e43364489bd168882a67d9b384cb03d693678,87bf2dca1906ae89ae77f99366bc626d468d0d64de3e3049e3c6c063d41d9f8e,87e75586c90c3b67beb479a354d7434a8aed1069e0fbdb1c04864998c82b78f4,f33ebc9435bdb51674d1f4009cf6836c1f58e1c3d3cd6653c5d429402706ec4f
atlas_pair_0044,atlas_v0_search_02639,atlas_v0_search_25227,training,2639,25227,catsim_exact_position_012028,catsim_exact_position_022570,catsim_exact_position_013436,catsim_exact_position_074508,0.00025428177957730416,8.393221387316578,0.5486494667570828,0.7003156372357948,0.25205999483879465,1.4323502468110243,0.5188080097857155,1.6786442774633157,8.644154729016883e-09,2.125611818610709e-09,0.3785723181587139,7.161751234055121,0.4159422434538604,True,True,True,True,True,True,True,True,LARGE_POOL_NEAR_COLLISION_SEARCH,PENDING,0bc9e7218ccbf7cb70ae09d53a04add5bf8e7548fd80b62d3591f5136de8cc8c,f862766b195bd8eeb44f060ab8342d433cae0f7f24efc27fec85cc36650d299a,ebbc102da9c9d6d439b2ae381d30cd8d5a8ccc542bc54c352afe2d04ef23f99c,371a191cc667a39c579b460d723f87b9c4dd3e00159980b68029f290f2f7e182
atlas_pair_0045,atlas_v0_search_11721,atlas_v0_search_11907,training,11721,11907,catsim_exact_position_036505,catsim_exact_position_007236,catsim_exact_position_041730,catsim_exact_position_008468,0.00042000996158036123,12.475191164340703,0.7939000080147809,1.9305459302181458,1.401656505309848,1.2327628866623002,2.495038232868141,0.32523908609188923,5.5860972945700795e-08,1.3736304822713312e-08,0.5111837331955225,9.652729651090729,0.6355245293103009,True,True,True,True,True,True,True,True,LARGE_POOL_NEAR_COLLISION_SEARCH,PENDING,ed4b7d3c886c889be06540dffa39a82d90ef01b2903cd58127e96d8edce1523e,48e3a19ef92339f72fb3685e44b1373f800dcef735cd6c3581d3a3127ea870b5,754d992fb333bd1aaf928685f75adcf84869b2b249f53531422c3bb6ca360b84,6e68fd076b9ecff890f97c53efe74fd7887313b01c89d0bff046a6851c06dd30
atlas_pair_0046,atlas_v0_search_00890,atlas_v0_search_11721,training,890,11721,catsim_exact_position_059436,catsim_exact_position_036505,catsim_exact_position_041521,catsim_exact_position_041730,0.00044651379037841923,15.68292237655131,0.9982526464447745,1.9609799235017185,1.3982988588925174,0.8688814608147936,3.1365844753102623,0.8691906277865751,5.0442362361008386e-08,1.2403859596969276e-08,0.5220243444133621,9.804899617508593,0.6058141387073241,True,True,True,True,True,True,True,True,LARGE_POOL_NEAR_COLLISION_SEARCH,PENDING,33513e4af21d0f404c61ae3ac1a0d355234c1439cb43dfc4f123b59cc26d8a16,ed4b7d3c886c889be06540dffa39a82d90ef01b2903cd58127e96d8edce1523e,a69da18a9cf1d6bf9891dc38f0ee57265b08eeb71237c667ad16af7fd0a5c7da,754d992fb333bd1aaf928685f75adcf84869b2b249f53531422c3bb6ca360b84
atlas_pair_0047,atlas_v0_search_17657,atlas_v0_search_22630,training,17657,22630,catsim_exact_position_073537,catsim_exact_position_006403,catsim_exact_position_085416,catsim_exact_position_076232,0.0005525889917248143,20.76738247002839,0.5169801912828981,1.8945498581703786,0.21555756899581263,0.4339094401408208,4.1534764940056785,0.2437676142573671,5.3952584955283136e-08,1.3267029087364707e-08,0.505577087342195,9.472749290851892,0.3373694324788348,True,True,True,True,True,True,True,True,LARGE_POOL_NEAR_COLLISION_SEARCH,PENDING,2d2497b5fb82810da30c2ba585f731ef83ffc4c9ce4e76483afc0bdfa5c64994,dd562dcb98f4592e0b245e317bc0ff086b1c4a3d89a104a51c9a4dfc0bb3e675,4b2999dcdae45444cc8eb227fb323f624053d827b3b60217560dad46e901b43e,7dbb140fcb163411bc0d984aaf874add4c347f6335d422a64df355fbc7c94ec7
atlas_pair_0048,atlas_v0_search_04746,atlas_v0_search_22329,training,4746,22329,catsim_exact_position_051814,catsim_exact_position_045698,catsim_exact_position_044629,catsim_exact_position_012619,0.00045770458231996305,8.66142268061701,1.1332353054925572,0.4175774172652545,1.333573204532459,1.732284536123402,1.2877490693119655,1.112859354405072,5.339782103160209e-08,1.3130611729082481e-08,0.46433793584331584,8.66142268061701,0.4639033716583375,True,True,True,True,True,True,True,True,LARGE_POOL_NEAR_COLLISION_SEARCH,PENDING,cea4bbf3b403325bc2af508a20d11656955eb2ca3fc6b2ade1d0eda48e819cbd,d36bfcf633e6098347111fe5a8ad85b951dcf05c429d44f1c3dcad1a2bd8c479,7e6f2abb6f3fe48d7fc3f53af6032375f05b4c01c100bc36b093e169392c95d6,7bbe5d9a5fdd00f361769b28e670164eb029492ed8bcd647319ad7fee9af49a6
atlas_pair_0049,atlas_v0_search_00814,atlas_v0_search_18806,training,814,18806,catsim_exact_position_068291,catsim_exact_position_018847,catsim_exact_position_071624,catsim_exact_position_014477,0.0004108417892884471,15.014416377040805,0.6248697124644085,1.770021120880524,0.03108819741215898,1.0840775535412441,3.002883275408161,1.3519227706012278,6.551547588110075e-08,1.6110362921582153e-08,0.4763266920458572,8.85010560440262,0.5344929470385629,True,True,True,True,True,True,True,True,LARGE_POOL_NEAR_COLLISION_SEARCH,PENDING,06cf873ac65632e06837f30a833466c241742ac40583bc0b2e3fc219bf3392a9,2065099c5d5758140fe9c38159966cac0d6f4bfe51952271a89dcb0afe92c3c3,9d6a622bce07ea21d15bcdf37c7416e903083569b62f1c8625dbec76ece6f3a6,80e2beebde25bb3b994a43c676c2d013c14dbb4631eede8c964947d40b1bf89c
atlas_pair_0050,atlas_v0_search_01277,atlas_v0_search_21509,training,1277,21509,catsim_exact_position_073134,catsim_exact_position_040714,catsim_exact_position_020815,catsim_exact_position_007344,0.0006152320529674974,23.032194087742027,0.5403057478569252,1.928234662191646,0.23899568620598058,0.5154694466376317,4.606438817548406,0.31184267337197796,2.8391082969961365e-08,6.981413845072467e-09,0.5197060254220003,9.64117331095823,0.37023951275578904,True,True,True,True,True,True,True,True,LARGE_POOL_NEAR_COLLISION_SEARCH,PENDING,867980324cc428c39bdeda8b4dca1189457d2bb3334e6d36b0061ac1c26a9827,f648e802bc80830f9b491d4c694f5225a390442d1b77b5489bd3a9283de76dc8,f3bc1132b0f901f5c9cf97beeec9188a1f749cc0a614b22414b33cbc1cf72be8,0f64cf6c2c91c66abb46753e083b23cdf8e955e9bba4ea2588b66923e87ea4f5
atlas_pair_0051,atlas_v0_search_00766,atlas_v0_search_11721,training,766,11721,catsim_exact_position_062462,catsim_exact_position_036505,catsim_exact_position_016628,catsim_exact_position_041730,0.00042900128203853915,11.558315440257658,1.1659387658368805,1.9459504896679984,1.586926064749166,1.3115912989916851,2.3116630880515316,0.6412606271250105,5.504839184922045e-08,1.3536489798988636e-08,0.5248373518453116,9.729752448339992,0.4206976638561694,True,True,True,True,True,True,True,True,LARGE_POOL_NEAR_COLLISION_SEARCH,PENDING,0bc18bb128f5321f6989fb8bb9ac1dc8df04005f2ff68d3feb30482278adee50,ed4b7d3c886c889be06540dffa39a82d90ef01b2903cd58127e96d8edce1523e,79b0e16b0d2d3295be6931cbfac479e37a2e168d44b53887659030767e02494e,754d992fb333bd1aaf928685f75adcf84869b2b249f53531422c3bb6ca360b84
atlas_pair_0052,atlas_v0_search_08793,atlas_v0_search_25222,training,8793,25222,catsim_exact_position_069169,catsim_exact_position_015623,catsim_exact_position_008908,catsim_exact_position_054948,0.0007798569560034528,9.688487422729178,1.0695712023069013,1.5218089185445194,1.7324608794460576,0.8030000544619584,0.6936091311489274,1.937697484545836,5.311817117287235e-08,1.3061845370378447e-08,0.47072657499546694,8.662304397230288,0.596648651282015,True,True,True,True,True,True,True,True,LARGE_POOL_NEAR_COLLISION_SEARCH,PENDING,b8be03130dcd6e0d5ca0b022f5ac33bcc1c558231449ba42db3c2ce77b9e6a6b,f4d546bdb96a217ab8426d1eb2d67b4fb6ce908ab40fdc531e6b175153ee138b,ed072e4f529ada0adcbe1072ccf4d2183add2aad3e801cc2a6168b9da8367437,ee7974c76aab0d8491c39e64ca833e6dae354de53448f1021624c075e307f757
atlas_pair_0053,atlas_v0_search_02446,atlas_v0_search_17633,training,2446,17633,catsim_exact_position_035113,catsim_exact_position_049199,catsim_exact_position_030715,catsim_exact_position_002225,0.0003000691160441958,7.820339079392964,0.9873962884933086,0.17227755689534557,0.6125665088990823,1.553177900940044,0.49962527743850904,1.5640678158785928,3.265874455151798e-08,8.030838824143767e-09,0.4232778058165945,7.765889504700219,0.7442890716437102,True,True,True,True,True,True,True,True,LARGE_POOL_NEAR_COLLISION_SEARCH,PENDING,138ab14313a0ed006b6b724ad14a625c63e174d57de9fceaad0c8c26f285fb9b,b66d9a5df532ffbcf9b9691ff88073e66b8c4be225e694ad97bab61875a4117b,c8866e9080d21c400bb134c0a1f677d3c9a77645071908e0599352bbf720ce5f,09a135b6f018d9df622ed6391b1b2afdbfeef11a897d87e57d940b10c8de3f20
atlas_pair_0054,atlas_v0_search_05732,atlas_v0_search_18192,training,5732,18192,catsim_exact_position_007084,catsim_exact_position_024860,catsim_exact_position_012238,catsim_exact_position_053111,0.0004973485538842023,10.554477212720911,1.0190588037832686,1.8285675006303028,1.046674711973989,1.1761993091065213,2.1108954425441824,0.20375155142547702,5.928901529079201e-08,1.457926605511279e-08,0.4983441160011323,9.142837503151513,0.571656355946207,True,True,True,True,True,True,True,True,LARGE_POOL_NEAR_COLLISION_SEARCH,PENDING,f45529cae7588251833ee7c59a83aead28d11f17f6c49b80da83a06b0f037845,91eda44fc316478eb78578fbe1adbcaea55290fa1d7a4870b1831b291aa38799,36b3f8635ba78cab42d28133f9054658c37359063edf2f1ecfa3c561a5e17e19,a7cbf68f8f46040ebcb0fbf2590a2c19228c896e9a337c7ad16f5b0c4ea6ec93
atlas_pair_0055,atlas_v0_search_11721,atlas_v0_search_14520,training,11721,14520,catsim_exact_position_036505,catsim_exact_position_050666,catsim_exact_position_041730,catsim_exact_position_080089,0.00048401987608083166,11.292004420277312,1.1096374538073805,1.9049417416030694,1.3476562517908506,1.0099707303226666,2.2584008840554626,0.5683752855930528,2.7146492688475875e-08,6.675367054543249e-09,0.5198652442403672,9.524708708015346,0.6019628805309024,True,True,True,True,True,True,True,True,LARGE_POOL_NEAR_COLLISION_SEARCH,PENDING,ed4b7d3c886c889be06540dffa39a82d90ef01b2903cd58127e96d8edce1523e,33310fa62d6c4b0d4a1fc34ed5dbc8c47ed0218f45a7fd5f67afa248953a4d0b,754d992fb333bd1aaf928685f75adcf84869b2b249f53531422c3bb6ca360b84,26498234f7eeada2a567b42399f7723406a41c24253e751e257269078407f8f9
atlas_pair_0056,atlas_v0_search_03536,atlas_v0_search_19561,training,3536,19561,catsim_exact_position_065830,catsim_exact_position_054315,catsim_exact_position_079263,catsim_exact_position_072592,0.0002570154390883301,7.167705696276017,0.7497585291476637,1.4335411392552035,1.063619367984062,0.8028208589211376,0.6694787412754573,0.3633654616596173,1.0354069936823573e-08,2.546082771350059e-09,0.3934949270480619,7.167705696276017,0.23568063250457455,True,True,True,True,True,True,True,True,LARGE_POOL_NEAR_COLLISION_SEARCH,PENDING,afe683569f1f5fadaa329fe00808a8d60ef39b96ca68281602d442427411c7aa,a4eccd1d9c2f52c917abea82792246485ac72eba775edb2ff35920fe5d7e2680,c59639e38a820e723ba381c3259fb428e26c8bbb3898ad8ddea2babe15e76bde,e248b7881db61e7c3570e8f0cae9bcf1c1f31b1e9ab2139b89f8e02a7e47c8a4
atlas_pair_0057,atlas_v0_search_01132,atlas_v0_search_21376,training,1132,21376,catsim_exact_position_021013,catsim_exact_position_063367,catsim_exact_position_056028,catsim_exact_position_012886,0.0004502183856531967,10.431806803756052,0.49366005271391766,1.7379372872657548,0.7045658820036332,0.257264417402391,2.0863613607512104,0.5183282429194316,2.7857442242256414e-08,6.850190715308955e-09,0.47831197820428906,8.689686436328774,0.2985757035555193,True,True,True,True,True,True,True,True,LARGE_POOL_NEAR_COLLISION_SEARCH,PENDING,f2f8f1939a7ef34b59c96fb20de9faab2f87320fb65d002600b2815a03c33b54,5a0db31d09a90563f31fe7b384a611d53739516ab5ab043ecc03755b1086799f,48b00e34c921eb29e986bc19b748761ce66aef407a2490e3ba213dfe092183ca,7f7988e3e4273f5b2f0404ff036f03fc931bfbefd156f2d37c5811bc36a86983
atlas_pair_0058,atlas_v0_search_11721,atlas_v0_search_17642,training,11721,17642,catsim_exact_position_036505,catsim_exact_position_019549,catsim_exact_position_041730,catsim_exact_position_034994,0.000485963194725365,14.353910726368735,1.2072286111055852,1.9400816580297564,1.2949549018272544,1.3470456819222416,2.870782145273747,0.10036566075529696,6.331818141662732e-08,1.5570044610646063e-08,0.5357992342513734,9.700408290148781,0.47491063566969777,True,True,True,True,True,True,True,True,LARGE_POOL_NEAR_COLLISION_SEARCH,PENDING,ed4b7d3c886c889be06540dffa39a82d90ef01b2903cd58127e96d8edce1523e,ab2e4305f03454ac7adcacf07a20e02639011d061cd1782142491e1748ca6497,754d992fb333bd1aaf928685f75adcf84869b2b249f53531422c3bb6ca360b84,fa299a10c288e14a81b117ebed61a5cd82bf573b8345e0d6e6efd5ba6c390b17
atlas_pair_0059,atlas_v0_search_02446,atlas_v0_search_25227,training,2446,25227,catsim_exact_position_035113,catsim_exact_position_022570,catsim_exact_position_030715,catsim_exact_position_074508,0.0004782907934777063,15.100555340628965,1.1358037393401124,0.22381825315233073,0.8433391262636696,1.9016926449917195,0.7325268208381128,3.020111068125793,4.4517440880448174e-08,1.0946911691913486e-08,0.5298217898320357,9.508463224958597,0.8833565429223044,True,True,True,True,True,True,True,True,LARGE_POOL_NEAR_COLLISION_SEARCH,PENDING,138ab14313a0ed006b6b724ad14a625c63e174d57de9fceaad0c8c26f285fb9b,f862766b195bd8eeb44f060ab8342d433cae0f7f24efc27fec85cc36650d299a,c8866e9080d21c400bb134c0a1f677d3c9a77645071908e0599352bbf720ce5f,371a191cc667a39c579b460d723f87b9c4dd3e00159980b68029f290f2f7e182
atlas_pair_0060,atlas_v0_search_18806,atlas_v0_search_25638,training,18806,25638,catsim_exact_position_018847,catsim_exact_position_028870,catsim_exact_position_014477,catsim_exact_position_074661,0.0004650508128049201,11.646168961399086,0.6201732357010438,1.8260226076414015,0.8807179464153152,0.43602759706614924,2.329233792279817,0.545270198196494,3.7355579196713934e-08,9.185798163126378e-09,0.5147024732192699,9.130113038207007,0.5010813379397324,True,True,True,True,True,True,True,True,LARGE_POOL_NEAR_COLLISION_SEARCH,PENDING,2065099c5d5758140fe9c38159966cac0d6f4bfe51952271a89dcb0afe92c3c3,ec7844fbb37cbad7696f9c00e1b1d6db085e8b8f7c7ebd14a210b1fbba72f4f1,80e2beebde25bb3b994a43c676c2d013c14dbb4631eede8c964947d40b1bf89c,2a3a9eb3280d010c6c50851e8cb698b20b60ea513b527892a2686f7bc54805bc
atlas_pair_0061,atlas_v0_search_11721,atlas_v0_search_14055,training,11721,14055,catsim_exact_position_036505,catsim_exact_position_032611,catsim_exact_position_041730,catsim_exact_position_060715,0.0005582603332226617,12.70205050041349,0.8780875849637645,1.9203129737368658,1.3031236156616133,0.7837287018712626,2.540410100082698,0.7904315762561849,4.070370302382892e-08,1.0009107300941538e-08,0.5427889713098747,9.601564868684328,0.7388255502815342,True,True,True,True,True,True,True,True,LARGE_POOL_NEAR_COLLISION_SEARCH,PENDING,ed4b7d3c886c889be06540dffa39a82d90ef01b2903cd58127e96d8edce1523e,e0a3083c905f7217d1af146cb2f45f72a2a6eb82f9b20e25c3ad891ff0fe0e49,754d992fb333bd1aaf928685f75adcf84869b2b249f53531422c3bb6ca360b84,4363e487d951f52f9cedb729ebf1bf40d3d180a67deb5dd0af6a8448efb65487
atlas_pair_0062,atlas_v0_search_05778,atlas_v0_search_18806,training,5778,18806,catsim_exact_position_006377,catsim_exact_position_018847,catsim_exact_position_021227,catsim_exact_position_014477,0.00032774637894309057,9.810436972876925,0.3878252760657709,1.5772903347759752,0.3256028015764231,0.26019882114212656,1.9620873945753852,0.07257507493373609,7.012356397235779e-08,1.724349933746503e-08,0.4461410384326995,7.886451673879876,0.36900175083237463,True,True,True,True,True,True,True,True,LARGE_POOL_NEAR_COLLISION_SEARCH,PENDING,9cd9d9f8a07cd7e62d9a1d176393ee0c763b4008e7b5784c20324bfd7fb3ef6f,2065099c5d5758140fe9c38159966cac0d6f4bfe51952271a89dcb0afe92c3c3,87d93471637e13c7800497a5a34478b93ead54ae916aa166958cb05861b2aacf,80e2beebde25bb3b994a43c676c2d013c14dbb4631eede8c964947d40b1bf89c
atlas_pair_0063,atlas_v0_search_11721,atlas_v0_search_27786,training,11721,27786,catsim_exact_position_036505,catsim_exact_position_058792,catsim_exact_position_041730,catsim_exact_position_029321,0.0004913072691066409,17.424253063408756,1.382562818292778,1.9651501691006683,1.2848504324604544,0.20506184773479885,3.4848506126817513,1.431868582916747,5.5343427775323715e-08,1.3609039616882881e-08,0.5576832820832298,9.825750845503341,0.47924258009906834,True,True,True,True,True,True,True,True,LARGE_POOL_NEAR_COLLISION_SEARCH,PENDING,ed4b7d3c886c889be06540dffa39a82d90ef01b2903cd58127e96d8edce1523e,5c7e0464d85c5357a8774a2e4b52698efc584b1e72019218feac016a47920133,754d992fb333bd1aaf928685f75adcf84869b2b249f53531422c3bb6ca360b84,0f9a7c5cbab29001d640c1df726917e834fb2815b0f6c5d9f81fa85e50783227
atlas_pair_0064,atlas_v0_search_01277,atlas_v0_search_24744,training,1277,24744,catsim_exact_position_073134,catsim_exact_position_037180,catsim_exact_position_020815,catsim_exact_position_036785,0.0009464622183989471,22.83045891110337,0.18521261510089612,1.9439535743490057,0.048223270823687985,0.05299773365963057,4.566091782220674,0.10992293326075436,1.804901354312537e-08,4.438282018801321e-09,0.5518164208746283,9.719767871745027,0.38373224288516905,True,True,True,True,True,True,True,True,LARGE_POOL_NEAR_COLLISION_SEARCH,PENDING,867980324cc428c39bdeda8b4dca1189457d2bb3334e6d36b0061ac1c26a9827,23290d4d52cc0c8f596b1302dbc9dde99a795fe2c3673b055aebae763b0a04be,f3bc1132b0f901f5c9cf97beeec9188a1f749cc0a614b22414b33cbc1cf72be8,d64ce8cc4bd7a810577cae2b5f80dcbc70ab849784b60bf86e06400947d75e9f
atlas_pair_0065,atlas_v0_search_09894,atlas_v0_search_17657,training,9894,17657,catsim_exact_position_075703,catsim_exact_position_073537,catsim_exact_position_074213,catsim_exact_position_085416,0.0006271130862525892,23.251101552744526,0.18436509492727549,1.9304353307418847,0.2474875752127739,0.02034542234183187,4.650220310548906,0.2479999609212749,5.6446467485522364e-08,1.388027888988255e-08,0.5484181449266153,9.652176653709423,0.3488065395472102,True,True,True,True,True,True,True,True,LARGE_POOL_NEAR_COLLISION_SEARCH,PENDING,a747c2b4800cb451c913e598d3f0b4f4dee519b0c2163f43640ec7d45b62c403,2d2497b5fb82810da30c2ba585f731ef83ffc4c9ce4e76483afc0bdfa5c64994,32c5526d2e84c465a49c9d2a0a1f43317e70e1aa43c003c43a14865481f7aed8,4b2999dcdae45444cc8eb227fb323f624053d827b3b60217560dad46e901b43e
atlas_pair_0066,atlas_v0_search_15941,atlas_v0_search_17519,training,15941,17519,catsim_exact_position_027774,catsim_exact_position_019959,catsim_exact_position_071296,catsim_exact_position_067920,0.0006676566479300293,16.428459188035497,0.20785787432032196,1.8683407053919199,0.35047438503023076,0.10433721763409556,3.2856918376070996,0.2711055153365962,2.9221614391984608e-08,7.1856428832749044e-09,0.533885503024871,9.341703526959598,0.2829169158435311,True,True,True,True,True,True,True,True,LARGE_POOL_NEAR_COLLISION_SEARCH,PENDING,74166a0ec9e06b08581e3ab1b5f6f803ea926aa8c388bab93d221e9ac8fa1548,ea6b2705539cff140ae6a0f4de46ecce04d39739615552029096f4d02e615d83,399c164d40bbb6a84dfabe5ca0542545b07b3be2bdd654ead44ada67b54dccae,7efa9b57478d5ecfd869a6978c99d88f2fca469768d14c07c31eeefe8a05fad6
atlas_pair_0067,atlas_v0_search_01277,atlas_v0_search_26610,training,1277,26610,catsim_exact_position_073134,catsim_exact_position_075848,catsim_exact_position_020815,catsim_exact_position_066080,0.000623914159296046,24.104224412589197,0.18051148434267633,1.9555045600315693,0.04730568634838619,0.03878068240521613,4.820844882517839,0.00926020860699639,4.845827918993672e-08,1.191597029260739e-08,0.5595789854947588,9.777522800157845,0.21603470975758926,True,True,True,True,True,True,True,True,LARGE_POOL_NEAR_COLLISION_SEARCH,PENDING,867980324cc428c39bdeda8b4dca1189457d2bb3334e6d36b0061ac1c26a9827,ad89b19f5c71a78df46651d18f6f276036d0635d5f783cce8eb9cbec67270167,f3bc1132b0f901f5c9cf97beeec9188a1f749cc0a614b22414b33cbc1cf72be8,c4ce350ea81add03a69e87a650d841b1c80ca700cd955d637bcf9b229070db93
atlas_pair_0068,atlas_v0_search_25227,atlas_v0_search_28024,training,25227,28024,catsim_exact_position_022570,catsim_exact_position_019208,catsim_exact_position_074508,catsim_exact_position_040593,0.0004890371607662913,13.957485485070341,1.0964171205304887,0.5400239617778781,0.9928071641534777,1.8996627701505198,0.5811850529907454,2.7914970970140685,6.387129595570648e-08,1.5706056382550774e-08,0.5445923807537106,9.498313850752599,0.8200734435316889,True,True,True,True,True,True,True,True,LARGE_POOL_NEAR_COLLISION_SEARCH,PENDING,f862766b195bd8eeb44f060ab8342d433cae0f7f24efc27fec85cc36650d299a,7443379d63d50548d9691b0bd2c6c4d01da4e3ca10589e35567cf2cd59a5e976,371a191cc667a39c579b460d723f87b9c4dd3e00159980b68029f290f2f7e182,3079a33ec704b60a766f457af1e0648fab546c794836c9632d4e234f03d11abd
atlas_pair_0069,atlas_v0_search_25227,atlas_v0_search_29803,training,25227,29803,catsim_exact_position_022570,catsim_exact_position_034636,catsim_exact_position_074508,catsim_exact_position_008945,0.0004552926573739956,13.662287520453058,0.9827451969527513,0.6883537703428063,0.4411484152789125,1.8039089825694294,0.29220071998599473,2.7324575040906116,3.1788758936283164e-08,7.816907935151598e-09,0.5195000439916994,9.019544912847147,0.6822436829285964,True,True,True,True,True,True,True,True,LARGE_POOL_NEAR_COLLISION_SEARCH,PENDING,f862766b195bd8eeb44f060ab8342d433cae0f7f24efc27fec85cc36650d299a,4ce97f52c3e470af9863040edf1177a41cf53aef645a19c5a6a94f6de74ce181,371a191cc667a39c579b460d723f87b9c4dd3e00159980b68029f290f2f7e182,79bdd7c82d1fa4ce580d6823b6b5e5a91078b369d0cbeb222423c6c84f1b8eae
atlas_pair_0070,atlas_v0_search_05732,atlas_v0_search_27762,training,5732,27762,catsim_exact_position_007084,catsim_exact_position_055904,catsim_exact_position_012238,catsim_exact_position_008758,0.0005483224766371328,14.39511229055431,0.7388040709907732,1.914195881479784,1.0515823026165558,0.44443079467296853,2.879022458110862,0.7780925727958898,2.7078602372858602e-08,6.6586727146373615e-09,0.5515675441232646,9.57097940739892,0.44590115541766046,True,True,True,True,True,True,True,True,LARGE_POOL_NEAR_COLLISION_SEARCH,PENDING,f45529cae7588251833ee7c59a83aead28d11f17f6c49b80da83a06b0f037845,c2eec346df130ec1b4d6d32ca09ce03e1c7f4fca38f977d809a134611e58cf40,36b3f8635ba78cab42d28133f9054658c37359063edf2f1ecfa3c561a5e17e19,f7ff43e020813c0949149a42f81ddb2b1dfdbe8fb00fba5464a862d2eb9629c1
atlas_pair_0071,atlas_v0_search_19181,atlas_v0_search_25227,training,19181,25227,catsim_exact_position_005141,catsim_exact_position_022570,catsim_exact_position_032141,catsim_exact_position_074508,0.0003503531533358678,8.861818443731373,0.5755263296617831,0.8631303797171589,0.5503732649037243,1.6000418782632062,0.38945726677818826,1.7723636887462748,3.162014643651413e-08,7.775445845044458e-09,0.4617813569762871,8.00020939131603,0.6581306599532603,True,True,True,True,True,True,True,True,LARGE_POOL_NEAR_COLLISION_SEARCH,PENDING,259024063fcf22b3e4fa213eb73d863bb49bff7248e6ca437ea7b952cc56565c,f862766b195bd8eeb44f060ab8342d433cae0f7f24efc27fec85cc36650d299a,0aea414a5d34bde2bea6195a0b672cc421695f369c8097fd2c444391f1a54056,371a191cc667a39c579b460d723f87b9c4dd3e00159980b68029f290f2f7e182
atlas_pair_0072,atlas_v0_search_11721,atlas_v0_search_12518,training,11721,12518,catsim_exact_position_036505,catsim_exact_position_081075,catsim_exact_position_041730,catsim_exact_position_082255,0.0005178759297714279,17.708528767894613,1.0773626304888928,1.9774794879417255,1.48495023373682,0.4448151889659486,3.541705753578923,1.5847083928176122,1.9449297185684392e-08,4.782614062053539e-09,0.5709056222481366,9.887397439708627,0.6528231486700373,True,True,True,True,True,True,True,True,LARGE_POOL_NEAR_COLLISION_SEARCH,PENDING,ed4b7d3c886c889be06540dffa39a82d90ef01b2903cd58127e96d8edce1523e,abf4ef20ac49885d8f545ab5a5e03a8898a3eb4f13ba8568b22429fc327282fa,754d992fb333bd1aaf928685f75adcf84869b2b249f53531422c3bb6ca360b84,7507c3ed2825dfd8bb2963d569d84c598b7755dc5873cff4eb77b120911f29c1
atlas_pair_0073,atlas_v0_search_11721,atlas_v0_search_19181,training,11721,19181,catsim_exact_position_036505,catsim_exact_position_005141,catsim_exact_position_041730,catsim_exact_position_032141,0.0005242122104969181,17.431162263075002,1.0880436937650484,1.9748834955539039,1.4580501921503517,0.632824462556885,3.486232452615001,1.3006865012418873,3.474995713526034e-08,8.545071426703363e-09,0.5704394144564126,9.87441747776952,0.67510813389858,True,True,True,True,True,True,True,True,LARGE_POOL_NEAR_COLLISION_SEARCH,PENDING,ed4b7d3c886c889be06540dffa39a82d90ef01b2903cd58127e96d8edce1523e,259024063fcf22b3e4fa213eb73d863bb49bff7248e6ca437ea7b952cc56565c,754d992fb333bd1aaf928685f75adcf84869b2b249f53531422c3bb6ca360b84,0aea414a5d34bde2bea6195a0b672cc421695f369c8097fd2c444391f1a54056
atlas_pair_0074,atlas_v0_search_09377,atlas_v0_search_17519,training,9377,17519,catsim_exact_position_051455,catsim_exact_position_019959,catsim_exact_position_055961,catsim_exact_position_067920,0.0005499438549840279,17.303163766666575,0.47133822490731303,1.8646132796577268,0.16375366080371745,0.4250158375950046,3.460632753333315,0.6467881524215908,3.650176703704108e-08,8.975844353370759e-09,0.5392314523597136,9.323066398288633,0.30555940424882116,True,True,True,True,True,True,True,True,LARGE_POOL_NEAR_COLLISION_SEARCH,PENDING,50a5e77e0efb943b050f5ff2facd9df656b2dbeebdd4e99fa2dbb54c6be4f5db,ea6b2705539cff140ae6a0f4de46ecce04d39739615552029096f4d02e615d83,9fb89edb297ba2da6aaeca7bbfafaab901dc0acc6676123a0c64f3f088b1848e,7efa9b57478d5ecfd869a6978c99d88f2fca469768d14c07c31eeefe8a05fad6
atlas_pair_0075,atlas_v0_search_12437,atlas_v0_search_18806,training,12437,18806,catsim_exact_position_032000,catsim_exact_position_018847,catsim_exact_position_019844,catsim_exact_position_014477,0.0003461451760227138,8.598650696455982,0.39356015772153635,1.3903620626865836,0.1317058865691744,0.3202707034046266,1.7197301392911966,0.4939534965341755,6.40121465514561e-09,1.574069177494822e-09,0.40238198702894584,6.951810313432918,0.40433885867943964,True,True,True,True,True,True,True,True,LARGE_POOL_NEAR_COLLISION_SEARCH,PENDING,8c1592563c608231ada0352f0425499306c783f5f8e269591a3f030914de8af6,2065099c5d5758140fe9c38159966cac0d6f4bfe51952271a89dcb0afe92c3c3,236a50c8217bf521c957adae708a7bc2acd9760efaf46ff263b43ece2aeaa83c,80e2beebde25bb3b994a43c676c2d013c14dbb4631eede8c964947d40b1bf89c
atlas_pair_0076,atlas_v0_search_03576,atlas_v0_search_17657,training,3576,17657,catsim_exact_position_027380,catsim_exact_position_073537,catsim_exact_position_039477,catsim_exact_position_085416,0.000585501146628945,21.745795893897938,0.2495727540041941,1.9137912007191853,0.18966245936232365,0.2116093448630681,4.349159178779588,0.437159099306431,3.808554550393211e-08,9.365298074737405e-09,0.5546608320565647,9.568956003595925,0.35663446412585537,True,True,True,True,True,True,True,True,LARGE_POOL_NEAR_COLLISION_SEARCH,PENDING,f920453edcec260ac60f7ee4c3422e1216251bcc2380c357a56c8906d96b1553,2d2497b5fb82810da30c2ba585f731ef83ffc4c9ce4e76483afc0bdfa5c64994,7fac57c33be30fa329656e311e586ff91333900fc0d759affdab4ce0ce063c87,4b2999dcdae45444cc8eb227fb323f624053d827b3b60217560dad46e901b43e
atlas_pair_0077,atlas_v0_search_19412,atlas_v0_search_25227,training,19412,25227,catsim_exact_position_002699,catsim_exact_position_022570,catsim_exact_position_003595,catsim_exact_position_074508,0.00026829573861988747,7.961713075474708,0.4163247332195077,0.65724994738862,0.2541340082846818,1.3936052282373266,0.4636710076760364,1.5923426150949416,4.495612493177325e-08,1.1054784819288505e-08,0.4045426225852021,6.968026141186632,0.4948006242465246,True,True,True,True,True,True,True,True,LARGE_POOL_NEAR_COLLISION_SEARCH,PENDING,7b2897481948c976a26ae87da07f33db92ebc17e2046f732824f3cbe976ff572,f862766b195bd8eeb44f060ab8342d433cae0f7f24efc27fec85cc36650d299a,aed0cd99bc77a2405fa71ab016dcadcd85ed0df801ac4bc3b94269a1333725bd,371a191cc667a39c579b460d723f87b9c4dd3e00159980b68029f290f2f7e182
atlas_pair_0078,atlas_v0_search_19770,atlas_v0_search_28085,training,19770,28085,catsim_exact_position_068234,catsim_exact_position_066767,catsim_exact_position_047605,catsim_exact_position_049041,0.00033032282090814856,7.121516156215641,0.8591006043122048,1.4243032312431283,1.0190959864682472,0.5296728253667428,0.7153200362092362,0.6315000945204012,5.7465153297527573e-08,1.413077540103137e-08,0.4140661378428784,7.121516156215641,0.3599580103693991,True,True,True,True,True,True,True,True,LARGE_POOL_NEAR_COLLISION_SEARCH,PENDING,e5053027df6db21bfd8f170b906275714aca0bd361f0fd5351ebd6615837463f,dd13adb30b0d8d4c523cff30c74b59ccc1ea879a74b3cc23b2ef3fd9ff434e28,b82656db5663f5945bf252fd0c140e33aa08a8bc009560bb3f7072c1596bfacf,2e0689211b5b8e92f858b1b3a666e67bfb9c93f5588c36fccc020e4a8e035511
atlas_pair_0079,atlas_v0_search_06066,atlas_v0_search_10195,training,6066,10195,catsim_exact_position_052218,catsim_exact_position_037456,catsim_exact_position_066313,catsim_exact_position_046841,0.000744364867095265,11.443697118176495,0.864397906978274,0.3541381643736876,0.883642316845962,1.8203333517071818,0.6417486282194185,2.288739423635299,3.342519857298539e-08,8.219311124504604e-09,0.5292046037589037,9.101666758535908,0.27289148944753955,True,True,True,True,True,True,True,True,LARGE_POOL_NEAR_COLLISION_SEARCH,PENDING,758b6b35f4e560c3cff299afea19b2ee331a1012f45c70d0bee2b289fec01642,9186157eac57edb57b22c0ceee97e26e37b0377ca51a528e33799455d637f3c3,47ee613884f5d14611bc65a645c48ea614dd128742424e7dc7c63fcce9905d1e,a0844939f1a7dc0683bc24a5dfceaa96fd7125eda89f75db7021bbe599767641
atlas_pair_0080,atlas_v0_search_11721,atlas_v0_search_19332,training,11721,19332,catsim_exact_position_036505,catsim_exact_position_037361,catsim_exact_position_041730,catsim_exact_position_075694,0.0005432585668455735,12.242848049563525,1.2915200723538007,1.9259235342125822,1.389956996956768,1.4070999960803692,2.4485696099127052,0.036424220148580044,7.682711165961573e-08,1.8891912703184197e-08,0.5616672745892302,9.62961767106291,0.5177668761477192,True,True,True,True,True,True,True,True,LARGE_POOL_NEAR_COLLISION_SEARCH,PENDING,ed4b7d3c886c889be06540dffa39a82d90ef01b2903cd58127e96d8edce1523e,caf49aba0b6253935844451fffcdc82bed998f111c20e9bec5f99c754c506a16,754d992fb333bd1aaf928685f75adcf84869b2b249f53531422c3bb6ca360b84,e5944b58676bf19714757095eb96fe2d75220d4b6b1be83e510dc3b84a11fad8
atlas_pair_0081,atlas_v0_search_17326,atlas_v0_search_22329,training,17326,22329,catsim_exact_position_076766,catsim_exact_position_045698,catsim_exact_position_027662,catsim_exact_position_012619,0.0005270389229665822,8.520168716169369,1.343206633078864,1.1757886326376794,1.5920147136623222,1.704033743233874,0.8972015403381888,0.3818478213205405,6.254406122829914e-08,1.5379687187286673e-08,0.49887929657383107,8.520168716169369,0.4962765561864813,True,True,True,True,True,True,True,True,LARGE_POOL_NEAR_COLLISION_SEARCH,PENDING,56ff50df3e251a4b7ed9a8d73658b602739554566786398f7559282660756519,d36bfcf633e6098347111fe5a8ad85b951dcf05c429d44f1c3dcad1a2bd8c479,f64623652378826e4e1401373fa748144422323191a100cadcb97c68ee0ebd6d,7bbe5d9a5fdd00f361769b28e670164eb029492ed8bcd647319ad7fee9af49a6
atlas_pair_0082,atlas_v0_search_15433,atlas_v0_search_25222,training,15433,25222,catsim_exact_position_057679,catsim_exact_position_015623,catsim_exact_position_027775,catsim_exact_position_054948,0.0004999807212601934,8.72065554967119,1.1533908804988402,1.4874220619782483,1.744131109934238,1.0619523206090553,0.8314724051527789,1.6289001316064684,6.73997785732164e-08,1.65737160425942e-08,0.5112392069774141,8.72065554967119,0.5193402406967351,True,True,True,True,True,True,True,True,LARGE_POOL_NEAR_COLLISION_SEARCH,PENDING,f364b160caf7caa9c71fcfba023cad9dbb48baeca4cf17d98402088800752543,f4d546bdb96a217ab8426d1eb2d67b4fb6ce908ab40fdc531e6b175153ee138b,1c984ba9410b1ef107faae650f12755ab79f46cb159c81ac975c85265f721849,ee7974c76aab0d8491c39e64ca833e6dae354de53448f1021624c075e307f757
atlas_pair_0083,atlas_v0_search_11721,atlas_v0_search_19412,training,11721,19412,catsim_exact_position_036505,catsim_exact_position_002699,catsim_exact_position_041730,catsim_exact_position_003595,0.0005646394200534296,17.802230967564245,1.0757405185339417,1.9680912582358268,1.2961054501576152,0.17960112478397347,3.560446193512849,1.4807075748932204,2.674600101712718e-08,6.57688549601488e-09,0.5781166201344591,9.840456291179134,0.5710523992379277,True,True,True,True,True,True,True,True,LARGE_POOL_NEAR_COLLISION_SEARCH,PENDING,ed4b7d3c886c889be06540dffa39a82d90ef01b2903cd58127e96d8edce1523e,7b2897481948c976a26ae87da07f33db92ebc17e2046f732824f3cbe976ff572,754d992fb333bd1aaf928685f75adcf84869b2b249f53531422c3bb6ca360b84,aed0cd99bc77a2405fa71ab016dcadcd85ed0df801ac4bc3b94269a1333725bd
atlas_pair_0084,atlas_v0_search_18806,atlas_v0_search_27786,training,18806,27786,catsim_exact_position_018847,catsim_exact_position_058792,catsim_exact_position_014477,catsim_exact_position_029321,0.0004548812424657165,16.03043812225045,1.6738855931003322,1.7501314296212682,0.24309682554641826,1.017134433898217,3.206087624450091,0.9525008699918023,2.7979886590144143e-08,6.880299981182987e-09,0.5143842418201203,8.75065714810634,0.5968203593508663,True,True,True,True,True,True,True,True,LARGE_POOL_NEAR_COLLISION_SEARCH,PENDING,2065099c5d5758140fe9c38159966cac0d6f4bfe51952271a89dcb0afe92c3c3,5c7e0464d85c5357a8774a2e4b52698efc584b1e72019218feac016a47920133,80e2beebde25bb3b994a43c676c2d013c14dbb4631eede8c964947d40b1bf89c,0f9a7c5cbab29001d640c1df726917e834fb2815b0f6c5d9f81fa85e50783227
atlas_pair_0085,atlas_v0_search_03450,atlas_v0_search_11721,training,3450,11721,catsim_exact_position_013925,catsim_exact_position_036505,catsim_exact_position_044453,catsim_exact_position_041730,0.0005854849030473439,15.957380924309165,1.0846948423770497,1.9552570650373116,1.2952586735495526,0.14762313224616952,3.191476184861833,1.5140776202319732,8.127608410854242e-08,1.9985922321772728e-08,0.577990621368663,9.776285325186556,0.7003557404832401,True,True,True,True,True,True,True,True,LARGE_POOL_NEAR_COLLISION_SEARCH,PENDING,015693eb415ac131fdf1fc71a8ef3a9f2f24f483ecbce13a76a0e5a8044fd2dc,ed4b7d3c886c889be06540dffa39a82d90ef01b2903cd58127e96d8edce1523e,583912ac98e68e6e97e9948d5b3b02b7c4bd3c6d18d1e886bcdb81f68d5a10b1,754d992fb333bd1aaf928685f75adcf84869b2b249f53531422c3bb6ca360b84
atlas_pair_0086,atlas_v0_search_14416,atlas_v0_search_17519,training,14416,17519,catsim_exact_position_062191,catsim_exact_position_019959,catsim_exact_position_009354,catsim_exact_position_067920,0.0005790984843764996,16.139480900773826,0.3449721267625816,1.8312883303931164,0.1494837004271238,0.3700780665549512,3.227896180154765,0.5690927216489696,2.967607797318049e-08,7.297396222913236e-09,0.5422274092292857,9.156441651965581,0.33606737276909115,True,True,True,True,True,True,True,True,LARGE_POOL_NEAR_COLLISION_SEARCH,PENDING,faa0624f2663acfbc7d4e010abbef89ec7e42baf4d230a5789a5bf00eea74463,ea6b2705539cff140ae6a0f4de46ecce04d39739615552029096f4d02e615d83,9432ef771d45270d521e3020fe67ed45845886ccfb960582c16b9b7c0a7e518a,7efa9b57478d5ecfd869a6978c99d88f2fca469768d14c07c31eeefe8a05fad6
atlas_pair_0087,atlas_v0_search_00766,atlas_v0_search_18806,training,766,18806,catsim_exact_position_062462,catsim_exact_position_018847,catsim_exact_position_016628,catsim_exact_position_014477,0.0003726161139631252,10.164500499099356,0.40997721771613843,1.623713926672734,0.38757105627858296,0.24223100642255693,2.032900099819871,0.1618929142000657,2.3112906557209838e-08,5.683501612428649e-09,0.48091758218553554,8.11856963336367,0.4397572170098261,True,True,True,True,True,True,True,True,LARGE_POOL_NEAR_COLLISION_SEARCH,PENDING,0bc18bb128f5321f6989fb8bb9ac1dc8df04005f2ff68d3feb30482278adee50,2065099c5d5758140fe9c38159966cac0d6f4bfe51952271a89dcb0afe92c3c3,79b0e16b0d2d3295be6931cbfac479e37a2e168d44b53887659030767e02494e,80e2beebde25bb3b994a43c676c2d013c14dbb4631eede8c964947d40b1bf89c
atlas_pair_0088,atlas_v0_search_02724,atlas_v0_search_05991,training,2724,5991,catsim_exact_position_066270,catsim_exact_position_007084,catsim_exact_position_015649,catsim_exact_position_006973,0.0006028964341279558,13.179640422613046,0.8233736729906052,1.8907093413956817,1.0340608378402323,0.1700469167424122,2.635928084522609,1.0576133566352897,4.235286850022269e-08,1.0414639795136728e-08,0.5609437856372329,9.453546706978408,0.48289919169953643,True,True,True,True,True,True,True,True,LARGE_POOL_NEAR_COLLISION_SEARCH,PENDING,e3f051d4b92002e72bd4123cca33c5b04e40741295063f6ada671741f00f0d86,d59ed85b005980b454bc829686bfed1255a2073bacd4c64f17381fc9fa86a057,cf60e9bf8b6fa1cb9bff3825d96d9dfc82c66f0d2ef038f02384d4f8de1201fa,36b3f8635ba78cab42d28133f9054658c37359063edf2f1ecfa3c561a5e17e19
atlas_pair_0089,atlas_v0_search_05751,atlas_v0_search_25227,training,5751,25227,catsim_exact_position_071137,catsim_exact_position_022570,catsim_exact_position_034166,catsim_exact_position_074508,0.00041122989294683224,9.974826876650308,0.7218709790506461,0.6938022427181554,0.5969820461687914,1.6831675827687278,0.11737764434348086,1.9949653753300618,5.254754868674836e-08,1.2921528365593861e-08,0.499406616544328,8.415837913843639,0.5387798591668166,True,True,True,True,True,True,True,True,LARGE_POOL_NEAR_COLLISION_SEARCH,PENDING,4ba9f609f3848b52d768a1f97eb83b0abe62eda0ae7c6afd636099cef69d0ad1,f862766b195bd8eeb44f060ab8342d433cae0f7f24efc27fec85cc36650d299a,af7c9558989b2cd0b39575f2e42db899a8ec3b4c50defc037c9e9123eb105e69,371a191cc667a39c579b460d723f87b9c4dd3e00159980b68029f290f2f7e182
atlas_pair_0090,atlas_v0_search_02107,atlas_v0_search_28090,training,2107,28090,catsim_exact_position_010025,catsim_exact_position_006197,catsim_exact_position_051519,catsim_exact_position_008686,0.00019007039149404953,5.947699851109361,0.3518359978530223,1.0158175512628358,0.024206955092124567,0.35215850963372497,1.1895399702218723,0.4126615297495324,8.423058010248293e-08,2.0712437730118754e-08,0.30256597519022094,5.079087756314179,0.21701689843471023,True,True,True,True,True,True,True,True,LARGE_POOL_NEAR_COLLISION_SEARCH,PENDING,f12a1f87e47fb2ae0b93cf48d8a7a171297d84cf048e01db7b098c4cf44672aa,7151538b5822cc28507ec6351afa913685056a6213e117da8f390006ffed6243,6422a8aea07dffdba509302a65de347bdca859e06a3fa0f24ebf78e7a0863c71,fa058b139f05e9f11a2f975ef4becb8b35f9dd47e64b3f394e0c7d9b7787e3ee
atlas_pair_0091,atlas_v0_search_06576,atlas_v0_search_17004,training,6576,17004,catsim_exact_position_075290,catsim_exact_position_015623,catsim_exact_position_035842,catsim_exact_position_004345,0.0005688203069731343,10.006806687452796,1.0603827180759064,1.6642761401480628,1.7324507360827137,0.7532095273591205,0.2664608417155323,2.0013613374905592,4.456654668967934e-08,1.0958986890904755e-08,0.5174083206760005,8.662253680413569,0.506716590971658,True,True,True,True,True,True,True,True,LARGE_POOL_NEAR_COLLISION_SEARCH,PENDING,839d686e6d4ca7416abbe872d8af1c8fd7dbceabf405709a02451219ff39e10e,4abcb85cb9b95bc5224b76de55dc37225fc5f24505727d053856326c787de777,407f1e579dda5a873100f24a158ca21cb413f92a9122d4190e33a9b52ed82516,ee7974c76aab0d8491c39e64ca833e6dae354de53448f1021624c075e307f757
atlas_pair_0092,atlas_v0_search_11503,atlas_v0_search_16815,training,11503,16815,catsim_exact_position_003404,catsim_exact_position_046494,catsim_exact_position_018805,catsim_exact_position_041290,0.0002204928852920102,5.676755275871432,0.6541578003246271,0.04161181965186247,0.600856914570905,1.1353510551742865,0.6279498443142579,0.7254800722262731,3.639620962058458e-08,8.94988761161916e-09,0.3392090320125529,5.676755275871432,0.35534694990271476,True,True,True,True,True,True,True,True,LARGE_POOL_NEAR_COLLISION_SEARCH,PENDING,f10e8780baea285c51cc5db40f9ce15f03541638777e812dc010bf9c82bf5148,6c7ac8ebd39fa90988912f7e8e9b34e90758008270f553f06a40da14217255f8,2751e6e997320cdae386135e09c628bde15625c03a72051fdd6f6fe0d4dcd7d3,f1c81e27c86a29b263bb51d8c83453f0cbf14e94b81f89602d556aa087da8fc2
atlas_pair_0093,atlas_v0_search_11721,atlas_v0_search_12893,training,11721,12893,catsim_exact_position_036505,catsim_exact_position_053756,catsim_exact_position_041730,catsim_exact_position_062036,0.0005419229647617261,13.205099379930232,1.0000265700175872,1.9547999094697803,1.5393732982610107,1.0758398524346595,2.6410198759860464,0.9084019436120044,3.43948549431107e-08,8.457751215519025e-09,0.5855130334107018,9.7739995473489,0.4497221492046904,True,True,True,True,True,True,True,True,LARGE_POOL_NEAR_COLLISION_SEARCH,PENDING,ed4b7d3c886c889be06540dffa39a82d90ef01b2903cd58127e96d8edce1523e,b2784af82a6871f180b5edbc8c3ebce0b556c82121be8e8fd2123adb1c7ca250,754d992fb333bd1aaf928685f75adcf84869b2b249f53531422c3bb6ca360b84,e3e6e277c71afdce0ad20786270d2429a295a134dee75547d023fac9cb49676a
atlas_pair_0094,atlas_v0_search_03922,atlas_v0_search_11721,training,3922,11721,catsim_exact_position_014345,catsim_exact_position_036505,catsim_exact_position_031959,catsim_exact_position_041730,0.0005977964089741299,14.182130520937665,1.3077417324075202,1.9379268717893734,1.2924922672755468,1.2912509692352263,2.836426104187533,0.0023126269518778386,5.290633560883716e-08,1.3009754657910777e-08,0.581690188241284,9.689634358946867,0.5669669417853928,True,True,True,True,True,True,True,True,LARGE_POOL_NEAR_COLLISION_SEARCH,PENDING,8df37ac67f90c86410d8c9371e05c1367ed9ac61effa8186e69fe25afd917eec,ed4b7d3c886c889be06540dffa39a82d90ef01b2903cd58127e96d8edce1523e,4c065379f56bfdb003664424ff271a9c747ffe5aae5498389c441dc2c988e6eb,754d992fb333bd1aaf928685f75adcf84869b2b249f53531422c3bb6ca360b84
atlas_pair_0095,atlas_v0_search_01277,atlas_v0_search_24964,training,1277,24964,catsim_exact_position_073134,catsim_exact_position_035678,catsim_exact_position_020815,catsim_exact_position_027109,0.0008459171015165955,23.31903813555666,0.42031272407761194,1.9256382628725262,0.3262421626919261,0.5547154589247648,4.663807627111332,0.26106719790634775,2.4040518843972847e-08,5.911602994419553e-09,0.5782591342573818,9.62819131436263,0.46609638445987334,True,True,True,True,True,True,True,True,LARGE_POOL_NEAR_COLLISION_SEARCH,PENDING,867980324cc428c39bdeda8b4dca1189457d2bb3334e6d36b0061ac1c26a9827,372a6180fab028a3a4c425cf9fdbc0bddafbc2829a1dd7d28591075debe2feca,f3bc1132b0f901f5c9cf97beeec9188a1f749cc0a614b22414b33cbc1cf72be8,451f3a234817bc4d2f48966e26912632061ead34ae9e9692749c492faaaf5e55
atlas_pair_0096,atlas_v0_search_05732,atlas_v0_search_28768,training,5732,28768,catsim_exact_position_007084,catsim_exact_position_081798,catsim_exact_position_012238,catsim_exact_position_015039,0.0006364544222420309,16.133488198630822,0.9699239082336245,1.9484372122225098,1.1871763916275104,0.30556568444338933,3.2266976397261646,1.149142573072735,2.783901489011924e-08,6.84565939920965e-09,0.5853371987021827,9.742186061112548,0.4344130070323571,True,True,True,True,True,True,True,True,LARGE_POOL_NEAR_COLLISION_SEARCH,PENDING,f45529cae7588251833ee7c59a83aead28d11f17f6c49b80da83a06b0f037845,326beb9bc625a13034b574b5da3350496837c90e43215efc316d017419ae727e,36b3f8635ba78cab42d28133f9054658c37359063edf2f1ecfa3c561a5e17e19,dda7075121169bca3e23ec65c81594fef38ec82aaddec677b34873e6f69ce5ed
atlas_pair_0097,atlas_v0_search_02724,atlas_v0_search_04647,training,2724,4647,catsim_exact_position_066270,catsim_exact_position_000381,catsim_exact_position_015649,catsim_exact_position_004219,0.0004152549226180327,12.186392110073323,0.5032306422131471,1.6020258238134488,0.0419456573305369,0.8249559084509284,2.4372784220146646,0.9068451788765762,6.059236441474878e-08,1.4899761741331669e-08,0.4815437836241202,8.010129119067244,0.38523006975020657,True,True,True,True,True,True,True,True,LARGE_POOL_NEAR_COLLISION_SEARCH,PENDING,e3f051d4b92002e72bd4123cca33c5b04e40741295063f6ada671741f00f0d86,ecd66d43806220cb6f0ef05dd91e43364489bd168882a67d9b384cb03d693678,cf60e9bf8b6fa1cb9bff3825d96d9dfc82c66f0d2ef038f02384d4f8de1201fa,87e75586c90c3b67beb479a354d7434a8aed1069e0fbdb1c04864998c82b78f4
atlas_pair_0098,atlas_v0_search_11342,atlas_v0_search_11715,training,11342,11715,catsim_exact_position_057533,catsim_exact_position_046061,catsim_exact_position_039329,catsim_exact_position_046287,0.0005849595498595464,8.747246547134454,0.8758223019223651,1.7494493094268908,1.2047720284345942,1.0842334404613372,1.4244159717534959,0.1948575818342028,5.929691290577987e-08,1.4581208091585214e-08,0.5268691436314071,8.747246547134454,0.5361293814442698,True,True,True,True,True,True,True,True,LARGE_POOL_NEAR_COLLISION_SEARCH,PENDING,f4de87664976675927871aae944794653d309497b27725a84bdaa4937a87fedb,09caea06a82e6574b78c5ef72698469535c0f86756c22f28db6f72c4729606d6,8eb2f98bfdadd113d1fa67ad64157ebba78d6576e1d0baa4334cc39ab09a7cf0,7b1f7f38f17dde5913468733158167505e03d128198851f875b354a6838f413a
atlas_pair_0099,atlas_v0_search_18495,atlas_v0_search_21376,training,18495,21376,catsim_exact_position_024819,catsim_exact_position_063367,catsim_exact_position_031590,catsim_exact_position_012886,0.00045367596022367223,10.695712897339758,0.40404346044522493,1.4168248794763774,0.20155709686050838,0.35145197390794003,2.139142579467952,0.16600302650246132,2.509696649926112e-08,6.171385204736341e-09,0.42721719001800523,7.084124397381887,0.25784842153758225,True,True,True,True,True,True,True,True,LARGE_POOL_NEAR_COLLISION_SEARCH,PENDING,082a87fab1f565c166e7174897ba1dbf57d57f3812253935f193b5e73abd6ffc,5a0db31d09a90563f31fe7b384a611d53739516ab5ab043ecc03755b1086799f,6f7d0461f47db9ce1a7f9bc13104b4d4fc50f77c8258b27c352aaf61f0adad85,7f7988e3e4273f5b2f0404ff036f03fc931bfbefd156f2d37c5811bc36a86983
atlas_pair_0100,atlas_v0_search_04647,atlas_v0_search_06590,training,4647,6590,catsim_exact_position_000381,catsim_exact_position_008639,catsim_exact_position_004219,catsim_exact_position_032400,0.0005251961846784044,13.253005947213298,1.0465428351637134,1.7488821387337787,0.26050821405254837,0.32963452716101926,2.6506011894426598,0.6456499927494984,1.223050796234341e-07,3.0075019579532973e-08,0.5275323108316897,8.744410693668893,0.53301834817234,True,True,True,True,True,True,True,True,LARGE_POOL_NEAR_COLLISION_SEARCH,PENDING,ecd66d43806220cb6f0ef05dd91e43364489bd168882a67d9b384cb03d693678,d355a8181d5d3e7bc361c738d6e61f5ac8c9449f28975b0f0c4070950797472a,87e75586c90c3b67beb479a354d7434a8aed1069e0fbdb1c04864998c82b78f4,48111eff3670b5b887eb7e066317b1db95df9b0e6b9f0c685582be6eefe6c1a7
